name	kernel	kf	random_state_kf	test_size_split	random_state_split	acc_nonkfold_cv_train	mean_acc_kfold_cv_train	accuracy_test
FRET_class_2D_threshold_0.0	rbf	5	82	0.2	17	0.72	0.72	0.72
FRET_class_2D_threshold_0.0	linear	5	82	0.2	17	0.71	0.71	0.71
FRET_class_2D_threshold_0.0	poly	5	82	0.2	17	0.71	0.71	0.71
FRET_class_2D_threshold_0.0	sigmoid	5	82	0.2	17	0.67	0.68	0.66
FRET_class_2D_threshold_0.0	rbf	5	82	0.25	17	0.71	0.71	0.72
FRET_class_2D_threshold_0.0	linear	5	82	0.25	17	0.71	0.71	0.72
FRET_class_2D_threshold_0.0	poly	5	82	0.25	17	0.71	0.71	0.72
FRET_class_2D_threshold_0.0	sigmoid	5	82	0.25	17	0.67	0.69	0.65
FRET_class_2D_threshold_0.0	rbf	5	82	0.3	17	0.71	0.71	0.72
FRET_class_2D_threshold_0.0	linear	5	82	0.3	17	0.71	0.71	0.72
FRET_class_2D_threshold_0.0	poly	5	82	0.3	17	0.71	0.71	0.72
FRET_class_2D_threshold_0.0	sigmoid	5	82	0.3	17	0.68	0.68	0.7
FRET_class_2D_threshold_0.0	rbf	10	82	0.2	17	0.72	0.72	0.72
FRET_class_2D_threshold_0.0	linear	10	82	0.2	17	0.71	0.71	0.71
FRET_class_2D_threshold_0.0	poly	10	82	0.2	17	0.71	0.71	0.71
FRET_class_2D_threshold_0.0	sigmoid	10	82	0.2	17	0.67	0.69	0.66
FRET_class_2D_threshold_0.0	rbf	10	82	0.25	17	0.71	0.71	0.72
FRET_class_2D_threshold_0.0	linear	10	82	0.25	17	0.71	0.71	0.72
FRET_class_2D_threshold_0.0	poly	10	82	0.25	17	0.71	0.71	0.72
FRET_class_2D_threshold_0.0	sigmoid	10	82	0.25	17	0.67	0.68	0.65
FRET_class_2D_threshold_0.0	rbf	10	82	0.3	17	0.71	0.71	0.72
FRET_class_2D_threshold_0.0	linear	10	82	0.3	17	0.71	0.71	0.72
FRET_class_2D_threshold_0.0	poly	10	82	0.3	17	0.71	0.71	0.72
FRET_class_2D_threshold_0.0	sigmoid	10	82	0.3	17	0.68	0.68	0.7
FRET_class_2D_threshold_0.1	rbf	5	82	0.2	17	0.72	0.72	0.72
FRET_class_2D_threshold_0.1	linear	5	82	0.2	17	0.71	0.71	0.71
FRET_class_2D_threshold_0.1	poly	5	82	0.2	17	0.71	0.71	0.71
FRET_class_2D_threshold_0.1	sigmoid	5	82	0.2	17	0.67	0.68	0.66
FRET_class_2D_threshold_0.1	rbf	5	82	0.25	17	0.71	0.71	0.72
FRET_class_2D_threshold_0.1	linear	5	82	0.25	17	0.71	0.71	0.72
FRET_class_2D_threshold_0.1	poly	5	82	0.25	17	0.71	0.71	0.72
FRET_class_2D_threshold_0.1	sigmoid	5	82	0.25	17	0.67	0.69	0.65
FRET_class_2D_threshold_0.1	rbf	5	82	0.3	17	0.71	0.71	0.72
FRET_class_2D_threshold_0.1	linear	5	82	0.3	17	0.71	0.71	0.72
FRET_class_2D_threshold_0.1	poly	5	82	0.3	17	0.71	0.71	0.72
FRET_class_2D_threshold_0.1	sigmoid	5	82	0.3	17	0.68	0.68	0.7
FRET_class_2D_threshold_0.1	rbf	10	82	0.2	17	0.72	0.72	0.72
FRET_class_2D_threshold_0.1	linear	10	82	0.2	17	0.71	0.71	0.71
FRET_class_2D_threshold_0.1	poly	10	82	0.2	17	0.71	0.71	0.71
FRET_class_2D_threshold_0.1	sigmoid	10	82	0.2	17	0.67	0.69	0.66
FRET_class_2D_threshold_0.1	rbf	10	82	0.25	17	0.71	0.71	0.72
FRET_class_2D_threshold_0.1	linear	10	82	0.25	17	0.71	0.71	0.72
FRET_class_2D_threshold_0.1	poly	10	82	0.25	17	0.71	0.71	0.72
FRET_class_2D_threshold_0.1	sigmoid	10	82	0.25	17	0.67	0.68	0.65
FRET_class_2D_threshold_0.1	rbf	10	82	0.3	17	0.71	0.71	0.72
FRET_class_2D_threshold_0.1	linear	10	82	0.3	17	0.71	0.71	0.72
FRET_class_2D_threshold_0.1	poly	10	82	0.3	17	0.71	0.71	0.72
FRET_class_2D_threshold_0.1	sigmoid	10	82	0.3	17	0.68	0.68	0.7
FRET_class_2D_threshold_0.2	rbf	5	82	0.2	17	0.73	0.73	0.72
FRET_class_2D_threshold_0.2	linear	5	82	0.2	17	0.71	0.71	0.71
FRET_class_2D_threshold_0.2	poly	5	82	0.2	17	0.73	0.73	0.72
FRET_class_2D_threshold_0.2	sigmoid	5	82	0.2	17	0.67	0.64	0.56
FRET_class_2D_threshold_0.2	rbf	5	82	0.25	17	0.73	0.72	0.73
FRET_class_2D_threshold_0.2	linear	5	82	0.25	17	0.71	0.71	0.72
FRET_class_2D_threshold_0.2	poly	5	82	0.25	17	0.73	0.72	0.73
FRET_class_2D_threshold_0.2	sigmoid	5	82	0.25	17	0.61	0.66	0.61
FRET_class_2D_threshold_0.2	rbf	5	82	0.3	17	0.72	0.73	0.72
FRET_class_2D_threshold_0.2	linear	5	82	0.3	17	0.71	0.71	0.72
FRET_class_2D_threshold_0.2	poly	5	82	0.3	17	0.72	0.72	0.72
FRET_class_2D_threshold_0.2	sigmoid	5	82	0.3	17	0.62	0.66	0.66
FRET_class_2D_threshold_0.2	rbf	10	82	0.2	17	0.73	0.73	0.72
FRET_class_2D_threshold_0.2	linear	10	82	0.2	17	0.71	0.71	0.71
FRET_class_2D_threshold_0.2	poly	10	82	0.2	17	0.73	0.73	0.72
FRET_class_2D_threshold_0.2	sigmoid	10	82	0.2	17	0.67	0.63	0.56
FRET_class_2D_threshold_0.2	rbf	10	82	0.25	17	0.73	0.72	0.73
FRET_class_2D_threshold_0.2	linear	10	82	0.25	17	0.71	0.71	0.72
FRET_class_2D_threshold_0.2	poly	10	82	0.25	17	0.73	0.72	0.73
FRET_class_2D_threshold_0.2	sigmoid	10	82	0.25	17	0.61	0.65	0.61
FRET_class_2D_threshold_0.2	rbf	10	82	0.3	17	0.72	0.72	0.72
FRET_class_2D_threshold_0.2	linear	10	82	0.3	17	0.71	0.71	0.72
FRET_class_2D_threshold_0.2	poly	10	82	0.3	17	0.72	0.72	0.72
FRET_class_2D_threshold_0.2	sigmoid	10	82	0.3	17	0.62	0.64	0.66
FRET_class_2D_threshold_0.3	rbf	5	82	0.2	17	0.73	0.73	0.72
FRET_class_2D_threshold_0.3	linear	5	82	0.2	17	0.71	0.71	0.71
FRET_class_2D_threshold_0.3	poly	5	82	0.2	17	0.73	0.73	0.72
FRET_class_2D_threshold_0.3	sigmoid	5	82	0.2	17	0.67	0.64	0.56
FRET_class_2D_threshold_0.3	rbf	5	82	0.25	17	0.73	0.72	0.73
FRET_class_2D_threshold_0.3	linear	5	82	0.25	17	0.71	0.71	0.72
FRET_class_2D_threshold_0.3	poly	5	82	0.25	17	0.73	0.72	0.73
FRET_class_2D_threshold_0.3	sigmoid	5	82	0.25	17	0.61	0.66	0.61
FRET_class_2D_threshold_0.3	rbf	5	82	0.3	17	0.72	0.73	0.72
FRET_class_2D_threshold_0.3	linear	5	82	0.3	17	0.71	0.71	0.72
FRET_class_2D_threshold_0.3	poly	5	82	0.3	17	0.72	0.72	0.72
FRET_class_2D_threshold_0.3	sigmoid	5	82	0.3	17	0.62	0.66	0.66
FRET_class_2D_threshold_0.3	rbf	10	82	0.2	17	0.73	0.73	0.72
FRET_class_2D_threshold_0.3	linear	10	82	0.2	17	0.71	0.71	0.71
FRET_class_2D_threshold_0.3	poly	10	82	0.2	17	0.73	0.73	0.72
FRET_class_2D_threshold_0.3	sigmoid	10	82	0.2	17	0.67	0.63	0.56
FRET_class_2D_threshold_0.3	rbf	10	82	0.25	17	0.73	0.72	0.73
FRET_class_2D_threshold_0.3	linear	10	82	0.25	17	0.71	0.71	0.72
FRET_class_2D_threshold_0.3	poly	10	82	0.25	17	0.73	0.72	0.73
FRET_class_2D_threshold_0.3	sigmoid	10	82	0.25	17	0.61	0.65	0.61
FRET_class_2D_threshold_0.3	rbf	10	82	0.3	17	0.72	0.72	0.72
FRET_class_2D_threshold_0.3	linear	10	82	0.3	17	0.71	0.71	0.72
FRET_class_2D_threshold_0.3	poly	10	82	0.3	17	0.72	0.72	0.72
FRET_class_2D_threshold_0.3	sigmoid	10	82	0.3	17	0.62	0.64	0.66
FRET_class_2D_threshold_0.4	rbf	5	82	0.2	17	0.72	0.72	0.71
FRET_class_2D_threshold_0.4	linear	5	82	0.2	17	0.71	0.72	0.71
FRET_class_2D_threshold_0.4	poly	5	82	0.2	17	0.73	0.73	0.72
FRET_class_2D_threshold_0.4	sigmoid	5	82	0.2	17	0.65	0.65	0.63
FRET_class_2D_threshold_0.4	rbf	5	82	0.25	17	0.72	0.72	0.72
FRET_class_2D_threshold_0.4	linear	5	82	0.25	17	0.71	0.71	0.72
FRET_class_2D_threshold_0.4	poly	5	82	0.25	17	0.72	0.73	0.72
FRET_class_2D_threshold_0.4	sigmoid	5	82	0.25	17	0.65	0.64	0.68
FRET_class_2D_threshold_0.4	rbf	5	82	0.3	17	0.72	0.72	0.72
FRET_class_2D_threshold_0.4	linear	5	82	0.3	17	0.71	0.71	0.72
FRET_class_2D_threshold_0.4	poly	5	82	0.3	17	0.72	0.73	0.71
FRET_class_2D_threshold_0.4	sigmoid	5	82	0.3	17	0.65	0.65	0.67
FRET_class_2D_threshold_0.4	rbf	10	82	0.2	17	0.72	0.72	0.71
FRET_class_2D_threshold_0.4	linear	10	82	0.2	17	0.71	0.72	0.71
FRET_class_2D_threshold_0.4	poly	10	82	0.2	17	0.73	0.73	0.72
FRET_class_2D_threshold_0.4	sigmoid	10	82	0.2	17	0.65	0.66	0.63
FRET_class_2D_threshold_0.4	rbf	10	82	0.25	17	0.72	0.72	0.72
FRET_class_2D_threshold_0.4	linear	10	82	0.25	17	0.71	0.71	0.72
FRET_class_2D_threshold_0.4	poly	10	82	0.25	17	0.72	0.73	0.72
FRET_class_2D_threshold_0.4	sigmoid	10	82	0.25	17	0.65	0.65	0.68
FRET_class_2D_threshold_0.4	rbf	10	82	0.3	17	0.72	0.72	0.72
FRET_class_2D_threshold_0.4	linear	10	82	0.3	17	0.71	0.71	0.72
FRET_class_2D_threshold_0.4	poly	10	82	0.3	17	0.72	0.72	0.71
FRET_class_2D_threshold_0.4	sigmoid	10	82	0.3	17	0.65	0.65	0.67
FRET_class_2D_threshold_0.5	rbf	5	82	0.2	17	0.74	0.74	0.65
FRET_class_2D_threshold_0.5	linear	5	82	0.2	17	0.71	0.72	0.71
FRET_class_2D_threshold_0.5	poly	5	82	0.2	17	0.76	0.76	0.71
FRET_class_2D_threshold_0.5	sigmoid	5	82	0.2	17	0.64	0.65	0.59
FRET_class_2D_threshold_0.5	rbf	5	82	0.25	17	0.74	0.74	0.68
FRET_class_2D_threshold_0.5	linear	5	82	0.25	17	0.71	0.71	0.72
FRET_class_2D_threshold_0.5	poly	5	82	0.25	17	0.75	0.75	0.7
FRET_class_2D_threshold_0.5	sigmoid	5	82	0.25	17	0.63	0.64	0.71
FRET_class_2D_threshold_0.5	rbf	5	82	0.3	17	0.74	0.74	0.68
FRET_class_2D_threshold_0.5	linear	5	82	0.3	17	0.71	0.71	0.72
FRET_class_2D_threshold_0.5	poly	5	82	0.3	17	0.75	0.75	0.71
FRET_class_2D_threshold_0.5	sigmoid	5	82	0.3	17	0.62	0.65	0.72
FRET_class_2D_threshold_0.5	rbf	10	82	0.2	17	0.74	0.74	0.65
FRET_class_2D_threshold_0.5	linear	10	82	0.2	17	0.71	0.72	0.71
FRET_class_2D_threshold_0.5	poly	10	82	0.2	17	0.76	0.76	0.71
FRET_class_2D_threshold_0.5	sigmoid	10	82	0.2	17	0.64	0.65	0.59
FRET_class_2D_threshold_0.5	rbf	10	82	0.25	17	0.74	0.74	0.68
FRET_class_2D_threshold_0.5	linear	10	82	0.25	17	0.71	0.71	0.72
FRET_class_2D_threshold_0.5	poly	10	82	0.25	17	0.75	0.75	0.7
FRET_class_2D_threshold_0.5	sigmoid	10	82	0.25	17	0.63	0.64	0.71
FRET_class_2D_threshold_0.5	rbf	10	82	0.3	17	0.74	0.74	0.68
FRET_class_2D_threshold_0.5	linear	10	82	0.3	17	0.71	0.71	0.72
FRET_class_2D_threshold_0.5	poly	10	82	0.3	17	0.75	0.75	0.71
FRET_class_2D_threshold_0.5	sigmoid	10	82	0.3	17	0.62	0.64	0.72
FRET_class_2D_threshold_0.6	rbf	5	82	0.2	17	0.75	0.75	0.67
FRET_class_2D_threshold_0.6	linear	5	82	0.2	17	0.71	0.72	0.71
FRET_class_2D_threshold_0.6	poly	5	82	0.2	17	0.76	0.77	0.7
FRET_class_2D_threshold_0.6	sigmoid	5	82	0.2	17	0.65	0.66	0.66
FRET_class_2D_threshold_0.6	rbf	5	82	0.25	17	0.75	0.75	0.68
FRET_class_2D_threshold_0.6	linear	5	82	0.25	17	0.71	0.71	0.72
FRET_class_2D_threshold_0.6	poly	5	82	0.25	17	0.76	0.76	0.72
FRET_class_2D_threshold_0.6	sigmoid	5	82	0.25	17	0.65	0.67	0.73
FRET_class_2D_threshold_0.6	rbf	5	82	0.3	17	0.75	0.76	0.69
FRET_class_2D_threshold_0.6	linear	5	82	0.3	17	0.71	0.71	0.72
FRET_class_2D_threshold_0.6	poly	5	82	0.3	17	0.76	0.77	0.7
FRET_class_2D_threshold_0.6	sigmoid	5	82	0.3	17	0.66	0.66	0.72
FRET_class_2D_threshold_0.6	rbf	10	82	0.2	17	0.75	0.75	0.67
FRET_class_2D_threshold_0.6	linear	10	82	0.2	17	0.71	0.72	0.71
FRET_class_2D_threshold_0.6	poly	10	82	0.2	17	0.76	0.76	0.7
FRET_class_2D_threshold_0.6	sigmoid	10	82	0.2	17	0.65	0.66	0.66
FRET_class_2D_threshold_0.6	rbf	10	82	0.25	17	0.75	0.75	0.68
FRET_class_2D_threshold_0.6	linear	10	82	0.25	17	0.71	0.71	0.72
FRET_class_2D_threshold_0.6	poly	10	82	0.25	17	0.76	0.76	0.72
FRET_class_2D_threshold_0.6	sigmoid	10	82	0.25	17	0.65	0.66	0.73
FRET_class_2D_threshold_0.6	rbf	10	82	0.3	17	0.75	0.76	0.69
FRET_class_2D_threshold_0.6	linear	10	82	0.3	17	0.71	0.71	0.72
FRET_class_2D_threshold_0.6	poly	10	82	0.3	17	0.76	0.76	0.7
FRET_class_2D_threshold_0.6	sigmoid	10	82	0.3	17	0.66	0.66	0.72
FRET_class_2D_threshold_0.7	rbf	5	82	0.2	17	0.76	0.76	0.67
FRET_class_2D_threshold_0.7	linear	5	82	0.2	17	0.71	0.72	0.71
FRET_class_2D_threshold_0.7	poly	5	82	0.2	17	0.78	0.78	0.68
FRET_class_2D_threshold_0.7	sigmoid	5	82	0.2	17	0.7	0.69	0.67
FRET_class_2D_threshold_0.7	rbf	5	82	0.25	17	0.75	0.75	0.69
FRET_class_2D_threshold_0.7	linear	5	82	0.25	17	0.71	0.71	0.72
FRET_class_2D_threshold_0.7	poly	5	82	0.25	17	0.77	0.77	0.69
FRET_class_2D_threshold_0.7	sigmoid	5	82	0.25	17	0.68	0.69	0.73
FRET_class_2D_threshold_0.7	rbf	5	82	0.3	17	0.75	0.75	0.7
FRET_class_2D_threshold_0.7	linear	5	82	0.3	17	0.71	0.72	0.72
FRET_class_2D_threshold_0.7	poly	5	82	0.3	17	0.78	0.77	0.69
FRET_class_2D_threshold_0.7	sigmoid	5	82	0.3	17	0.69	0.69	0.73
FRET_class_2D_threshold_0.7	rbf	10	82	0.2	17	0.76	0.75	0.67
FRET_class_2D_threshold_0.7	linear	10	82	0.2	17	0.71	0.72	0.71
FRET_class_2D_threshold_0.7	poly	10	82	0.2	17	0.78	0.77	0.68
FRET_class_2D_threshold_0.7	sigmoid	10	82	0.2	17	0.7	0.7	0.67
FRET_class_2D_threshold_0.7	rbf	10	82	0.25	17	0.75	0.75	0.69
FRET_class_2D_threshold_0.7	linear	10	82	0.25	17	0.71	0.71	0.72
FRET_class_2D_threshold_0.7	poly	10	82	0.25	17	0.77	0.77	0.69
FRET_class_2D_threshold_0.7	sigmoid	10	82	0.25	17	0.68	0.69	0.73
FRET_class_2D_threshold_0.7	rbf	10	82	0.3	17	0.75	0.75	0.7
FRET_class_2D_threshold_0.7	linear	10	82	0.3	17	0.71	0.71	0.72
FRET_class_2D_threshold_0.7	poly	10	82	0.3	17	0.78	0.77	0.69
FRET_class_2D_threshold_0.7	sigmoid	10	82	0.3	17	0.69	0.68	0.73
FRET_class_2D_threshold_0.8	rbf	5	82	0.2	17	0.75	0.76	0.67
FRET_class_2D_threshold_0.8	linear	5	82	0.2	17	0.71	0.72	0.71
FRET_class_2D_threshold_0.8	poly	5	82	0.2	17	0.77	0.77	0.68
FRET_class_2D_threshold_0.8	sigmoid	5	82	0.2	17	0.69	0.68	0.68
FRET_class_2D_threshold_0.8	rbf	5	82	0.25	17	0.74	0.75	0.69
FRET_class_2D_threshold_0.8	linear	5	82	0.25	17	0.71	0.73	0.72
FRET_class_2D_threshold_0.8	poly	5	82	0.25	17	0.77	0.77	0.71
FRET_class_2D_threshold_0.8	sigmoid	5	82	0.25	17	0.67	0.68	0.72
FRET_class_2D_threshold_0.8	rbf	5	82	0.3	17	0.76	0.76	0.69
FRET_class_2D_threshold_0.8	linear	5	82	0.3	17	0.71	0.73	0.72
FRET_class_2D_threshold_0.8	poly	5	82	0.3	17	0.77	0.77	0.7
FRET_class_2D_threshold_0.8	sigmoid	5	82	0.3	17	0.68	0.68	0.72
FRET_class_2D_threshold_0.8	rbf	10	82	0.2	17	0.75	0.75	0.67
FRET_class_2D_threshold_0.8	linear	10	82	0.2	17	0.71	0.72	0.71
FRET_class_2D_threshold_0.8	poly	10	82	0.2	17	0.77	0.77	0.68
FRET_class_2D_threshold_0.8	sigmoid	10	82	0.2	17	0.69	0.68	0.68
FRET_class_2D_threshold_0.8	rbf	10	82	0.25	17	0.74	0.75	0.69
FRET_class_2D_threshold_0.8	linear	10	82	0.25	17	0.71	0.72	0.72
FRET_class_2D_threshold_0.8	poly	10	82	0.25	17	0.77	0.77	0.71
FRET_class_2D_threshold_0.8	sigmoid	10	82	0.25	17	0.67	0.68	0.72
FRET_class_2D_threshold_0.8	rbf	10	82	0.3	17	0.76	0.76	0.69
FRET_class_2D_threshold_0.8	linear	10	82	0.3	17	0.71	0.71	0.72
FRET_class_2D_threshold_0.8	poly	10	82	0.3	17	0.77	0.77	0.7
FRET_class_2D_threshold_0.8	sigmoid	10	82	0.3	17	0.68	0.68	0.72
FRET_class_2D_threshold_0.9	rbf	5	82	0.2	17	0.75	0.76	0.66
FRET_class_2D_threshold_0.9	linear	5	82	0.2	17	0.71	0.73	0.71
FRET_class_2D_threshold_0.9	poly	5	82	0.2	17	0.77	0.78	0.68
FRET_class_2D_threshold_0.9	sigmoid	5	82	0.2	17	0.7	0.68	0.68
FRET_class_2D_threshold_0.9	rbf	5	82	0.25	17	0.74	0.75	0.68
FRET_class_2D_threshold_0.9	linear	5	82	0.25	17	0.71	0.74	0.72
FRET_class_2D_threshold_0.9	poly	5	82	0.25	17	0.77	0.77	0.7
FRET_class_2D_threshold_0.9	sigmoid	5	82	0.25	17	0.69	0.69	0.68
FRET_class_2D_threshold_0.9	rbf	5	82	0.3	17	0.76	0.76	0.68
FRET_class_2D_threshold_0.9	linear	5	82	0.3	17	0.71	0.75	0.72
FRET_class_2D_threshold_0.9	poly	5	82	0.3	17	0.77	0.77	0.7
FRET_class_2D_threshold_0.9	sigmoid	5	82	0.3	17	0.7	0.68	0.67
FRET_class_2D_threshold_0.9	rbf	10	82	0.2	17	0.75	0.75	0.66
FRET_class_2D_threshold_0.9	linear	10	82	0.2	17	0.71	0.72	0.71
FRET_class_2D_threshold_0.9	poly	10	82	0.2	17	0.77	0.77	0.68
FRET_class_2D_threshold_0.9	sigmoid	10	82	0.2	17	0.7	0.69	0.68
FRET_class_2D_threshold_0.9	rbf	10	82	0.25	17	0.74	0.75	0.68
FRET_class_2D_threshold_0.9	linear	10	82	0.25	17	0.71	0.74	0.72
FRET_class_2D_threshold_0.9	poly	10	82	0.25	17	0.77	0.77	0.7
FRET_class_2D_threshold_0.9	sigmoid	10	82	0.25	17	0.69	0.69	0.68
FRET_class_2D_threshold_0.9	rbf	10	82	0.3	17	0.76	0.76	0.68
FRET_class_2D_threshold_0.9	linear	10	82	0.3	17	0.71	0.73	0.72
FRET_class_2D_threshold_0.9	poly	10	82	0.3	17	0.77	0.77	0.7
FRET_class_2D_threshold_0.9	sigmoid	10	82	0.3	17	0.7	0.69	0.67
FRET_class_2D_threshold_1.0	rbf	5	82	0.2	17	0.76	0.76	0.67
FRET_class_2D_threshold_1.0	linear	5	82	0.2	17	0.77	0.77	0.65
FRET_class_2D_threshold_1.0	poly	5	82	0.2	17	0.76	0.76	0.67
FRET_class_2D_threshold_1.0	sigmoid	5	82	0.2	17	0.71	0.7	0.61
FRET_class_2D_threshold_1.0	rbf	5	82	0.25	17	0.75	0.75	0.69
FRET_class_2D_threshold_1.0	linear	5	82	0.25	17	0.77	0.78	0.68
FRET_class_2D_threshold_1.0	poly	5	82	0.25	17	0.75	0.76	0.68
FRET_class_2D_threshold_1.0	sigmoid	5	82	0.25	17	0.65	0.67	0.55
FRET_class_2D_threshold_1.0	rbf	5	82	0.3	17	0.76	0.76	0.67
FRET_class_2D_threshold_1.0	linear	5	82	0.3	17	0.77	0.78	0.72
FRET_class_2D_threshold_1.0	poly	5	82	0.3	17	0.76	0.76	0.67
FRET_class_2D_threshold_1.0	sigmoid	5	82	0.3	17	0.64	0.69	0.57
FRET_class_2D_threshold_1.0	rbf	10	82	0.2	17	0.76	0.76	0.67
FRET_class_2D_threshold_1.0	linear	10	82	0.2	17	0.77	0.77	0.65
FRET_class_2D_threshold_1.0	poly	10	82	0.2	17	0.76	0.76	0.67
FRET_class_2D_threshold_1.0	sigmoid	10	82	0.2	17	0.71	0.7	0.61
FRET_class_2D_threshold_1.0	rbf	10	82	0.25	17	0.75	0.75	0.69
FRET_class_2D_threshold_1.0	linear	10	82	0.25	17	0.77	0.78	0.68
FRET_class_2D_threshold_1.0	poly	10	82	0.25	17	0.75	0.76	0.68
FRET_class_2D_threshold_1.0	sigmoid	10	82	0.25	17	0.65	0.68	0.55
FRET_class_2D_threshold_1.0	rbf	10	82	0.3	17	0.76	0.76	0.67
FRET_class_2D_threshold_1.0	linear	10	82	0.3	17	0.77	0.77	0.72
FRET_class_2D_threshold_1.0	poly	10	82	0.3	17	0.76	0.76	0.67
FRET_class_2D_threshold_1.0	sigmoid	10	82	0.3	17	0.64	0.68	0.57
FRET_class_3D_threshold_0.0	rbf	5	82	0.2	17	0.72	0.72	0.73
FRET_class_3D_threshold_0.0	linear	5	82	0.2	17	0.71	0.71	0.71
FRET_class_3D_threshold_0.0	poly	5	82	0.2	17	0.71	0.71	0.71
FRET_class_3D_threshold_0.0	sigmoid	5	82	0.2	17	0.65	0.68	0.66
FRET_class_3D_threshold_0.0	rbf	5	82	0.25	17	0.71	0.71	0.72
FRET_class_3D_threshold_0.0	linear	5	82	0.25	17	0.71	0.71	0.72
FRET_class_3D_threshold_0.0	poly	5	82	0.25	17	0.71	0.71	0.72
FRET_class_3D_threshold_0.0	sigmoid	5	82	0.25	17	0.66	0.68	0.66
FRET_class_3D_threshold_0.0	rbf	5	82	0.3	17	0.71	0.71	0.72
FRET_class_3D_threshold_0.0	linear	5	82	0.3	17	0.71	0.71	0.72
FRET_class_3D_threshold_0.0	poly	5	82	0.3	17	0.71	0.71	0.72
FRET_class_3D_threshold_0.0	sigmoid	5	82	0.3	17	0.68	0.68	0.7
FRET_class_3D_threshold_0.0	rbf	10	82	0.2	17	0.72	0.72	0.73
FRET_class_3D_threshold_0.0	linear	10	82	0.2	17	0.71	0.71	0.71
FRET_class_3D_threshold_0.0	poly	10	82	0.2	17	0.71	0.71	0.71
FRET_class_3D_threshold_0.0	sigmoid	10	82	0.2	17	0.65	0.69	0.66
FRET_class_3D_threshold_0.0	rbf	10	82	0.25	17	0.71	0.71	0.72
FRET_class_3D_threshold_0.0	linear	10	82	0.25	17	0.71	0.71	0.72
FRET_class_3D_threshold_0.0	poly	10	82	0.25	17	0.71	0.71	0.72
FRET_class_3D_threshold_0.0	sigmoid	10	82	0.25	17	0.66	0.68	0.66
FRET_class_3D_threshold_0.0	rbf	10	82	0.3	17	0.71	0.71	0.72
FRET_class_3D_threshold_0.0	linear	10	82	0.3	17	0.71	0.71	0.72
FRET_class_3D_threshold_0.0	poly	10	82	0.3	17	0.71	0.71	0.72
FRET_class_3D_threshold_0.0	sigmoid	10	82	0.3	17	0.68	0.68	0.7
FRET_class_3D_threshold_0.1	rbf	5	82	0.2	17	0.72	0.72	0.73
FRET_class_3D_threshold_0.1	linear	5	82	0.2	17	0.71	0.71	0.71
FRET_class_3D_threshold_0.1	poly	5	82	0.2	17	0.71	0.71	0.71
FRET_class_3D_threshold_0.1	sigmoid	5	82	0.2	17	0.65	0.68	0.66
FRET_class_3D_threshold_0.1	rbf	5	82	0.25	17	0.71	0.71	0.72
FRET_class_3D_threshold_0.1	linear	5	82	0.25	17	0.71	0.71	0.72
FRET_class_3D_threshold_0.1	poly	5	82	0.25	17	0.71	0.71	0.72
FRET_class_3D_threshold_0.1	sigmoid	5	82	0.25	17	0.66	0.68	0.66
FRET_class_3D_threshold_0.1	rbf	5	82	0.3	17	0.71	0.71	0.72
FRET_class_3D_threshold_0.1	linear	5	82	0.3	17	0.71	0.71	0.72
FRET_class_3D_threshold_0.1	poly	5	82	0.3	17	0.71	0.71	0.72
FRET_class_3D_threshold_0.1	sigmoid	5	82	0.3	17	0.68	0.68	0.7
FRET_class_3D_threshold_0.1	rbf	10	82	0.2	17	0.72	0.72	0.73
FRET_class_3D_threshold_0.1	linear	10	82	0.2	17	0.71	0.71	0.71
FRET_class_3D_threshold_0.1	poly	10	82	0.2	17	0.71	0.71	0.71
FRET_class_3D_threshold_0.1	sigmoid	10	82	0.2	17	0.65	0.69	0.66
FRET_class_3D_threshold_0.1	rbf	10	82	0.25	17	0.71	0.71	0.72
FRET_class_3D_threshold_0.1	linear	10	82	0.25	17	0.71	0.71	0.72
FRET_class_3D_threshold_0.1	poly	10	82	0.25	17	0.71	0.71	0.72
FRET_class_3D_threshold_0.1	sigmoid	10	82	0.25	17	0.66	0.68	0.66
FRET_class_3D_threshold_0.1	rbf	10	82	0.3	17	0.71	0.71	0.72
FRET_class_3D_threshold_0.1	linear	10	82	0.3	17	0.71	0.71	0.72
FRET_class_3D_threshold_0.1	poly	10	82	0.3	17	0.71	0.71	0.72
FRET_class_3D_threshold_0.1	sigmoid	10	82	0.3	17	0.68	0.68	0.7
FRET_class_3D_threshold_0.2	rbf	5	82	0.2	17	0.73	0.73	0.72
FRET_class_3D_threshold_0.2	linear	5	82	0.2	17	0.71	0.71	0.71
FRET_class_3D_threshold_0.2	poly	5	82	0.2	17	0.72	0.73	0.72
FRET_class_3D_threshold_0.2	sigmoid	5	82	0.2	17	0.61	0.64	0.63
FRET_class_3D_threshold_0.2	rbf	5	82	0.25	17	0.73	0.72	0.73
FRET_class_3D_threshold_0.2	linear	5	82	0.25	17	0.71	0.71	0.72
FRET_class_3D_threshold_0.2	poly	5	82	0.25	17	0.73	0.72	0.73
FRET_class_3D_threshold_0.2	sigmoid	5	82	0.25	17	0.62	0.66	0.58
FRET_class_3D_threshold_0.2	rbf	5	82	0.3	17	0.72	0.73	0.72
FRET_class_3D_threshold_0.2	linear	5	82	0.3	17	0.71	0.71	0.72
FRET_class_3D_threshold_0.2	poly	5	82	0.3	17	0.72	0.73	0.72
FRET_class_3D_threshold_0.2	sigmoid	5	82	0.3	17	0.61	0.66	0.63
FRET_class_3D_threshold_0.2	rbf	10	82	0.2	17	0.73	0.73	0.72
FRET_class_3D_threshold_0.2	linear	10	82	0.2	17	0.71	0.71	0.71
FRET_class_3D_threshold_0.2	poly	10	82	0.2	17	0.72	0.73	0.72
FRET_class_3D_threshold_0.2	sigmoid	10	82	0.2	17	0.61	0.63	0.63
FRET_class_3D_threshold_0.2	rbf	10	82	0.25	17	0.73	0.72	0.73
FRET_class_3D_threshold_0.2	linear	10	82	0.25	17	0.71	0.71	0.72
FRET_class_3D_threshold_0.2	poly	10	82	0.25	17	0.73	0.72	0.73
FRET_class_3D_threshold_0.2	sigmoid	10	82	0.25	17	0.62	0.65	0.58
FRET_class_3D_threshold_0.2	rbf	10	82	0.3	17	0.72	0.72	0.72
FRET_class_3D_threshold_0.2	linear	10	82	0.3	17	0.71	0.71	0.72
FRET_class_3D_threshold_0.2	poly	10	82	0.3	17	0.72	0.72	0.72
FRET_class_3D_threshold_0.2	sigmoid	10	82	0.3	17	0.61	0.65	0.63
FRET_class_3D_threshold_0.3	rbf	5	82	0.2	17	0.73	0.73	0.72
FRET_class_3D_threshold_0.3	linear	5	82	0.2	17	0.71	0.71	0.71
FRET_class_3D_threshold_0.3	poly	5	82	0.2	17	0.72	0.73	0.72
FRET_class_3D_threshold_0.3	sigmoid	5	82	0.2	17	0.61	0.64	0.63
FRET_class_3D_threshold_0.3	rbf	5	82	0.25	17	0.73	0.72	0.73
FRET_class_3D_threshold_0.3	linear	5	82	0.25	17	0.71	0.71	0.72
FRET_class_3D_threshold_0.3	poly	5	82	0.25	17	0.73	0.72	0.73
FRET_class_3D_threshold_0.3	sigmoid	5	82	0.25	17	0.62	0.66	0.58
FRET_class_3D_threshold_0.3	rbf	5	82	0.3	17	0.72	0.73	0.72
FRET_class_3D_threshold_0.3	linear	5	82	0.3	17	0.71	0.71	0.72
FRET_class_3D_threshold_0.3	poly	5	82	0.3	17	0.72	0.73	0.72
FRET_class_3D_threshold_0.3	sigmoid	5	82	0.3	17	0.61	0.66	0.63
FRET_class_3D_threshold_0.3	rbf	10	82	0.2	17	0.73	0.73	0.72
FRET_class_3D_threshold_0.3	linear	10	82	0.2	17	0.71	0.71	0.71
FRET_class_3D_threshold_0.3	poly	10	82	0.2	17	0.72	0.73	0.72
FRET_class_3D_threshold_0.3	sigmoid	10	82	0.2	17	0.61	0.63	0.63
FRET_class_3D_threshold_0.3	rbf	10	82	0.25	17	0.73	0.72	0.73
FRET_class_3D_threshold_0.3	linear	10	82	0.25	17	0.71	0.71	0.72
FRET_class_3D_threshold_0.3	poly	10	82	0.25	17	0.73	0.72	0.73
FRET_class_3D_threshold_0.3	sigmoid	10	82	0.25	17	0.62	0.65	0.58
FRET_class_3D_threshold_0.3	rbf	10	82	0.3	17	0.72	0.72	0.72
FRET_class_3D_threshold_0.3	linear	10	82	0.3	17	0.71	0.71	0.72
FRET_class_3D_threshold_0.3	poly	10	82	0.3	17	0.72	0.72	0.72
FRET_class_3D_threshold_0.3	sigmoid	10	82	0.3	17	0.61	0.65	0.63
FRET_class_3D_threshold_0.4	rbf	5	82	0.2	17	0.72	0.72	0.71
FRET_class_3D_threshold_0.4	linear	5	82	0.2	17	0.71	0.72	0.71
FRET_class_3D_threshold_0.4	poly	5	82	0.2	17	0.73	0.73	0.72
FRET_class_3D_threshold_0.4	sigmoid	5	82	0.2	17	0.65	0.65	0.63
FRET_class_3D_threshold_0.4	rbf	5	82	0.25	17	0.72	0.72	0.72
FRET_class_3D_threshold_0.4	linear	5	82	0.25	17	0.71	0.71	0.72
FRET_class_3D_threshold_0.4	poly	5	82	0.25	17	0.72	0.73	0.72
FRET_class_3D_threshold_0.4	sigmoid	5	82	0.25	17	0.64	0.64	0.67
FRET_class_3D_threshold_0.4	rbf	5	82	0.3	17	0.72	0.72	0.72
FRET_class_3D_threshold_0.4	linear	5	82	0.3	17	0.71	0.71	0.72
FRET_class_3D_threshold_0.4	poly	5	82	0.3	17	0.72	0.73	0.71
FRET_class_3D_threshold_0.4	sigmoid	5	82	0.3	17	0.65	0.65	0.67
FRET_class_3D_threshold_0.4	rbf	10	82	0.2	17	0.72	0.72	0.71
FRET_class_3D_threshold_0.4	linear	10	82	0.2	17	0.71	0.72	0.71
FRET_class_3D_threshold_0.4	poly	10	82	0.2	17	0.73	0.73	0.72
FRET_class_3D_threshold_0.4	sigmoid	10	82	0.2	17	0.65	0.66	0.63
FRET_class_3D_threshold_0.4	rbf	10	82	0.25	17	0.72	0.72	0.72
FRET_class_3D_threshold_0.4	linear	10	82	0.25	17	0.71	0.71	0.72
FRET_class_3D_threshold_0.4	poly	10	82	0.25	17	0.72	0.73	0.72
FRET_class_3D_threshold_0.4	sigmoid	10	82	0.25	17	0.64	0.65	0.67
FRET_class_3D_threshold_0.4	rbf	10	82	0.3	17	0.72	0.72	0.72
FRET_class_3D_threshold_0.4	linear	10	82	0.3	17	0.71	0.71	0.72
FRET_class_3D_threshold_0.4	poly	10	82	0.3	17	0.72	0.72	0.71
FRET_class_3D_threshold_0.4	sigmoid	10	82	0.3	17	0.65	0.65	0.67
FRET_class_3D_threshold_0.5	rbf	5	82	0.2	17	0.76	0.76	0.7
FRET_class_3D_threshold_0.5	linear	5	82	0.2	17	0.71	0.72	0.71
FRET_class_3D_threshold_0.5	poly	5	82	0.2	17	0.78	0.78	0.71
FRET_class_3D_threshold_0.5	sigmoid	5	82	0.2	17	0.66	0.68	0.67
FRET_class_3D_threshold_0.5	rbf	5	82	0.25	17	0.75	0.76	0.7
FRET_class_3D_threshold_0.5	linear	5	82	0.25	17	0.71	0.71	0.72
FRET_class_3D_threshold_0.5	poly	5	82	0.25	17	0.77	0.77	0.72
FRET_class_3D_threshold_0.5	sigmoid	5	82	0.25	17	0.65	0.68	0.68
FRET_class_3D_threshold_0.5	rbf	5	82	0.3	17	0.76	0.77	0.69
FRET_class_3D_threshold_0.5	linear	5	82	0.3	17	0.71	0.71	0.72
FRET_class_3D_threshold_0.5	poly	5	82	0.3	17	0.77	0.78	0.72
FRET_class_3D_threshold_0.5	sigmoid	5	82	0.3	17	0.65	0.66	0.72
FRET_class_3D_threshold_0.5	rbf	10	82	0.2	17	0.76	0.75	0.7
FRET_class_3D_threshold_0.5	linear	10	82	0.2	17	0.71	0.72	0.71
FRET_class_3D_threshold_0.5	poly	10	82	0.2	17	0.78	0.78	0.71
FRET_class_3D_threshold_0.5	sigmoid	10	82	0.2	17	0.66	0.66	0.67
FRET_class_3D_threshold_0.5	rbf	10	82	0.25	17	0.75	0.76	0.7
FRET_class_3D_threshold_0.5	linear	10	82	0.25	17	0.71	0.71	0.72
FRET_class_3D_threshold_0.5	poly	10	82	0.25	17	0.77	0.77	0.72
FRET_class_3D_threshold_0.5	sigmoid	10	82	0.25	17	0.65	0.67	0.68
FRET_class_3D_threshold_0.5	rbf	10	82	0.3	17	0.76	0.77	0.69
FRET_class_3D_threshold_0.5	linear	10	82	0.3	17	0.71	0.71	0.72
FRET_class_3D_threshold_0.5	poly	10	82	0.3	17	0.77	0.77	0.72
FRET_class_3D_threshold_0.5	sigmoid	10	82	0.3	17	0.65	0.67	0.72
FRET_class_3D_threshold_0.6	rbf	5	82	0.2	17	0.77	0.77	0.68
FRET_class_3D_threshold_0.6	linear	5	82	0.2	17	0.71	0.72	0.71
FRET_class_3D_threshold_0.6	poly	5	82	0.2	17	0.79	0.79	0.7
FRET_class_3D_threshold_0.6	sigmoid	5	82	0.2	17	0.68	0.68	0.7
FRET_class_3D_threshold_0.6	rbf	5	82	0.25	17	0.77	0.77	0.71
FRET_class_3D_threshold_0.6	linear	5	82	0.25	17	0.71	0.71	0.72
FRET_class_3D_threshold_0.6	poly	5	82	0.25	17	0.78	0.78	0.73
FRET_class_3D_threshold_0.6	sigmoid	5	82	0.25	17	0.67	0.68	0.65
FRET_class_3D_threshold_0.6	rbf	5	82	0.3	17	0.77	0.78	0.7
FRET_class_3D_threshold_0.6	linear	5	82	0.3	17	0.71	0.71	0.72
FRET_class_3D_threshold_0.6	poly	5	82	0.3	17	0.78	0.79	0.72
FRET_class_3D_threshold_0.6	sigmoid	5	82	0.3	17	0.68	0.68	0.68
FRET_class_3D_threshold_0.6	rbf	10	82	0.2	17	0.77	0.77	0.68
FRET_class_3D_threshold_0.6	linear	10	82	0.2	17	0.71	0.72	0.71
FRET_class_3D_threshold_0.6	poly	10	82	0.2	17	0.79	0.78	0.7
FRET_class_3D_threshold_0.6	sigmoid	10	82	0.2	17	0.68	0.68	0.7
FRET_class_3D_threshold_0.6	rbf	10	82	0.25	17	0.77	0.77	0.71
FRET_class_3D_threshold_0.6	linear	10	82	0.25	17	0.71	0.71	0.72
FRET_class_3D_threshold_0.6	poly	10	82	0.25	17	0.78	0.78	0.73
FRET_class_3D_threshold_0.6	sigmoid	10	82	0.25	17	0.67	0.67	0.65
FRET_class_3D_threshold_0.6	rbf	10	82	0.3	17	0.77	0.78	0.7
FRET_class_3D_threshold_0.6	linear	10	82	0.3	17	0.71	0.71	0.72
FRET_class_3D_threshold_0.6	poly	10	82	0.3	17	0.78	0.78	0.72
FRET_class_3D_threshold_0.6	sigmoid	10	82	0.3	17	0.68	0.67	0.68
FRET_class_3D_threshold_0.7	rbf	5	82	0.2	17	0.77	0.78	0.68
FRET_class_3D_threshold_0.7	linear	5	82	0.2	17	0.71	0.73	0.71
FRET_class_3D_threshold_0.7	poly	5	82	0.2	17	0.79	0.8	0.68
FRET_class_3D_threshold_0.7	sigmoid	5	82	0.2	17	0.7	0.69	0.7
FRET_class_3D_threshold_0.7	rbf	5	82	0.25	17	0.77	0.77	0.73
FRET_class_3D_threshold_0.7	linear	5	82	0.25	17	0.74	0.74	0.69
FRET_class_3D_threshold_0.7	poly	5	82	0.25	17	0.79	0.79	0.71
FRET_class_3D_threshold_0.7	sigmoid	5	82	0.25	17	0.69	0.69	0.72
FRET_class_3D_threshold_0.7	rbf	5	82	0.3	17	0.78	0.79	0.69
FRET_class_3D_threshold_0.7	linear	5	82	0.3	17	0.73	0.74	0.71
FRET_class_3D_threshold_0.7	poly	5	82	0.3	17	0.8	0.79	0.71
FRET_class_3D_threshold_0.7	sigmoid	5	82	0.3	17	0.69	0.69	0.73
FRET_class_3D_threshold_0.7	rbf	10	82	0.2	17	0.77	0.77	0.68
FRET_class_3D_threshold_0.7	linear	10	82	0.2	17	0.71	0.73	0.71
FRET_class_3D_threshold_0.7	poly	10	82	0.2	17	0.79	0.79	0.68
FRET_class_3D_threshold_0.7	sigmoid	10	82	0.2	17	0.7	0.69	0.7
FRET_class_3D_threshold_0.7	rbf	10	82	0.25	17	0.77	0.78	0.73
FRET_class_3D_threshold_0.7	linear	10	82	0.25	17	0.74	0.73	0.69
FRET_class_3D_threshold_0.7	poly	10	82	0.25	17	0.79	0.79	0.71
FRET_class_3D_threshold_0.7	sigmoid	10	82	0.25	17	0.69	0.69	0.72
FRET_class_3D_threshold_0.7	rbf	10	82	0.3	17	0.78	0.79	0.69
FRET_class_3D_threshold_0.7	linear	10	82	0.3	17	0.73	0.73	0.71
FRET_class_3D_threshold_0.7	poly	10	82	0.3	17	0.8	0.8	0.71
FRET_class_3D_threshold_0.7	sigmoid	10	82	0.3	17	0.69	0.69	0.73
FRET_class_3D_threshold_0.8	rbf	5	82	0.2	17	0.76	0.77	0.7
FRET_class_3D_threshold_0.8	linear	5	82	0.2	17	0.75	0.75	0.66
FRET_class_3D_threshold_0.8	poly	5	82	0.2	17	0.79	0.8	0.68
FRET_class_3D_threshold_0.8	sigmoid	5	82	0.2	17	0.7	0.69	0.65
FRET_class_3D_threshold_0.8	rbf	5	82	0.25	17	0.76	0.77	0.7
FRET_class_3D_threshold_0.8	linear	5	82	0.25	17	0.75	0.75	0.68
FRET_class_3D_threshold_0.8	poly	5	82	0.25	17	0.78	0.78	0.7
FRET_class_3D_threshold_0.8	sigmoid	5	82	0.25	17	0.71	0.69	0.66
FRET_class_3D_threshold_0.8	rbf	5	82	0.3	17	0.77	0.77	0.69
FRET_class_3D_threshold_0.8	linear	5	82	0.3	17	0.74	0.75	0.69
FRET_class_3D_threshold_0.8	poly	5	82	0.3	17	0.79	0.79	0.68
FRET_class_3D_threshold_0.8	sigmoid	5	82	0.3	17	0.68	0.68	0.68
FRET_class_3D_threshold_0.8	rbf	10	82	0.2	17	0.76	0.77	0.7
FRET_class_3D_threshold_0.8	linear	10	82	0.2	17	0.75	0.74	0.66
FRET_class_3D_threshold_0.8	poly	10	82	0.2	17	0.79	0.79	0.68
FRET_class_3D_threshold_0.8	sigmoid	10	82	0.2	17	0.7	0.69	0.65
FRET_class_3D_threshold_0.8	rbf	10	82	0.25	17	0.76	0.76	0.7
FRET_class_3D_threshold_0.8	linear	10	82	0.25	17	0.75	0.74	0.68
FRET_class_3D_threshold_0.8	poly	10	82	0.25	17	0.78	0.78	0.7
FRET_class_3D_threshold_0.8	sigmoid	10	82	0.25	17	0.71	0.69	0.66
FRET_class_3D_threshold_0.8	rbf	10	82	0.3	17	0.77	0.77	0.69
FRET_class_3D_threshold_0.8	linear	10	82	0.3	17	0.74	0.75	0.69
FRET_class_3D_threshold_0.8	poly	10	82	0.3	17	0.79	0.79	0.68
FRET_class_3D_threshold_0.8	sigmoid	10	82	0.3	17	0.68	0.68	0.68
FRET_class_3D_threshold_0.9	rbf	5	82	0.2	17	0.76	0.77	0.7
FRET_class_3D_threshold_0.9	linear	5	82	0.2	17	0.75	0.76	0.61
FRET_class_3D_threshold_0.9	poly	5	82	0.2	17	0.79	0.8	0.7
FRET_class_3D_threshold_0.9	sigmoid	5	82	0.2	17	0.68	0.69	0.65
FRET_class_3D_threshold_0.9	rbf	5	82	0.25	17	0.75	0.77	0.72
FRET_class_3D_threshold_0.9	linear	5	82	0.25	17	0.74	0.76	0.66
FRET_class_3D_threshold_0.9	poly	5	82	0.25	17	0.78	0.79	0.7
FRET_class_3D_threshold_0.9	sigmoid	5	82	0.25	17	0.69	0.7	0.68
FRET_class_3D_threshold_0.9	rbf	5	82	0.3	17	0.76	0.77	0.68
FRET_class_3D_threshold_0.9	linear	5	82	0.3	17	0.75	0.77	0.67
FRET_class_3D_threshold_0.9	poly	5	82	0.3	17	0.79	0.79	0.67
FRET_class_3D_threshold_0.9	sigmoid	5	82	0.3	17	0.67	0.68	0.69
FRET_class_3D_threshold_0.9	rbf	10	82	0.2	17	0.76	0.77	0.7
FRET_class_3D_threshold_0.9	linear	10	82	0.2	17	0.75	0.75	0.61
FRET_class_3D_threshold_0.9	poly	10	82	0.2	17	0.79	0.8	0.7
FRET_class_3D_threshold_0.9	sigmoid	10	82	0.2	17	0.68	0.69	0.65
FRET_class_3D_threshold_0.9	rbf	10	82	0.25	17	0.75	0.76	0.72
FRET_class_3D_threshold_0.9	linear	10	82	0.25	17	0.74	0.76	0.66
FRET_class_3D_threshold_0.9	poly	10	82	0.25	17	0.78	0.79	0.7
FRET_class_3D_threshold_0.9	sigmoid	10	82	0.25	17	0.69	0.7	0.68
FRET_class_3D_threshold_0.9	rbf	10	82	0.3	17	0.76	0.77	0.68
FRET_class_3D_threshold_0.9	linear	10	82	0.3	17	0.75	0.76	0.67
FRET_class_3D_threshold_0.9	poly	10	82	0.3	17	0.79	0.79	0.67
FRET_class_3D_threshold_0.9	sigmoid	10	82	0.3	17	0.67	0.69	0.69
FRET_class_3D_threshold_1.0	rbf	5	82	0.2	17	0.76	0.76	0.68
FRET_class_3D_threshold_1.0	linear	5	82	0.2	17	0.78	0.8	0.65
FRET_class_3D_threshold_1.0	poly	5	82	0.2	17	0.76	0.77	0.67
FRET_class_3D_threshold_1.0	sigmoid	5	82	0.2	17	0.67	0.69	0.59
FRET_class_3D_threshold_1.0	rbf	5	82	0.25	17	0.75	0.76	0.68
FRET_class_3D_threshold_1.0	linear	5	82	0.25	17	0.78	0.8	0.66
FRET_class_3D_threshold_1.0	poly	5	82	0.25	17	0.76	0.76	0.68
FRET_class_3D_threshold_1.0	sigmoid	5	82	0.25	17	0.67	0.67	0.58
FRET_class_3D_threshold_1.0	rbf	5	82	0.3	17	0.78	0.78	0.64
FRET_class_3D_threshold_1.0	linear	5	82	0.3	17	0.79	0.8	0.67
FRET_class_3D_threshold_1.0	poly	5	82	0.3	17	0.77	0.77	0.66
FRET_class_3D_threshold_1.0	sigmoid	5	82	0.3	17	0.66	0.67	0.59
FRET_class_3D_threshold_1.0	rbf	10	82	0.2	17	0.76	0.76	0.68
FRET_class_3D_threshold_1.0	linear	10	82	0.2	17	0.78	0.79	0.65
FRET_class_3D_threshold_1.0	poly	10	82	0.2	17	0.76	0.76	0.67
FRET_class_3D_threshold_1.0	sigmoid	10	82	0.2	17	0.67	0.67	0.59
FRET_class_3D_threshold_1.0	rbf	10	82	0.25	17	0.75	0.76	0.68
FRET_class_3D_threshold_1.0	linear	10	82	0.25	17	0.78	0.79	0.66
FRET_class_3D_threshold_1.0	poly	10	82	0.25	17	0.76	0.76	0.68
FRET_class_3D_threshold_1.0	sigmoid	10	82	0.25	17	0.67	0.67	0.58
FRET_class_3D_threshold_1.0	rbf	10	82	0.3	17	0.78	0.78	0.64
FRET_class_3D_threshold_1.0	linear	10	82	0.3	17	0.79	0.8	0.67
FRET_class_3D_threshold_1.0	poly	10	82	0.3	17	0.77	0.77	0.66
FRET_class_3D_threshold_1.0	sigmoid	10	82	0.3	17	0.66	0.66	0.59
fluor_class_2D_threshold_0.0	rbf	5	82	0.2	17	0.63	0.63	0.63
fluor_class_2D_threshold_0.0	linear	5	82	0.2	17	0.63	0.63	0.63
fluor_class_2D_threshold_0.0	poly	5	82	0.2	17	0.63	0.63	0.63
fluor_class_2D_threshold_0.0	rbf	5	82	0.25	17	0.63	0.63	0.63
fluor_class_2D_threshold_0.0	linear	5	82	0.25	17	0.63	0.63	0.63
fluor_class_2D_threshold_0.0	poly	5	82	0.25	17	0.63	0.63	0.63
fluor_class_2D_threshold_0.0	rbf	5	82	0.3	17	0.63	0.63	0.63
fluor_class_2D_threshold_0.0	linear	5	82	0.3	17	0.63	0.63	0.63
fluor_class_2D_threshold_0.0	poly	5	82	0.3	17	0.63	0.63	0.63
fluor_class_2D_threshold_0.0	rbf	10	82	0.2	17	0.63	0.63	0.63
fluor_class_2D_threshold_0.0	linear	10	82	0.2	17	0.63	0.63	0.63
fluor_class_2D_threshold_0.0	poly	10	82	0.2	17	0.63	0.63	0.63
fluor_class_2D_threshold_0.0	rbf	10	82	0.25	17	0.63	0.63	0.63
fluor_class_2D_threshold_0.0	linear	10	82	0.25	17	0.63	0.63	0.63
fluor_class_2D_threshold_0.0	poly	10	82	0.25	17	0.63	0.63	0.63
fluor_class_2D_threshold_0.0	rbf	10	82	0.3	17	0.63	0.63	0.63
fluor_class_2D_threshold_0.0	linear	10	82	0.3	17	0.63	0.63	0.63
fluor_class_2D_threshold_0.0	poly	10	82	0.3	17	0.63	0.63	0.63
fluor_class_2D_threshold_0.1	rbf	5	82	0.2	17	0.63	0.63	0.63
fluor_class_2D_threshold_0.1	linear	5	82	0.2	17	0.63	0.63	0.63
fluor_class_2D_threshold_0.1	poly	5	82	0.2	17	0.63	0.63	0.63
fluor_class_2D_threshold_0.1	rbf	5	82	0.25	17	0.63	0.63	0.63
fluor_class_2D_threshold_0.1	linear	5	82	0.25	17	0.63	0.63	0.63
fluor_class_2D_threshold_0.1	poly	5	82	0.25	17	0.63	0.63	0.63
fluor_class_2D_threshold_0.1	rbf	5	82	0.3	17	0.63	0.63	0.63
fluor_class_2D_threshold_0.1	linear	5	82	0.3	17	0.63	0.63	0.63
fluor_class_2D_threshold_0.1	poly	5	82	0.3	17	0.63	0.63	0.63
fluor_class_2D_threshold_0.1	rbf	10	82	0.2	17	0.63	0.63	0.63
fluor_class_2D_threshold_0.1	linear	10	82	0.2	17	0.63	0.63	0.63
fluor_class_2D_threshold_0.1	poly	10	82	0.2	17	0.63	0.63	0.63
fluor_class_2D_threshold_0.1	rbf	10	82	0.25	17	0.63	0.63	0.63
fluor_class_2D_threshold_0.1	linear	10	82	0.25	17	0.63	0.63	0.63
fluor_class_2D_threshold_0.1	poly	10	82	0.25	17	0.63	0.63	0.63
fluor_class_2D_threshold_0.1	rbf	10	82	0.3	17	0.63	0.63	0.63
fluor_class_2D_threshold_0.1	linear	10	82	0.3	17	0.63	0.63	0.63
fluor_class_2D_threshold_0.1	poly	10	82	0.3	17	0.63	0.63	0.63
fluor_class_2D_threshold_0.2	rbf	5	82	0.2	17	0.63	0.63	0.63
fluor_class_2D_threshold_0.2	linear	5	82	0.2	17	0.63	0.63	0.63
fluor_class_2D_threshold_0.2	poly	5	82	0.2	17	0.63	0.63	0.63
fluor_class_2D_threshold_0.2	rbf	5	82	0.25	17	0.63	0.63	0.63
fluor_class_2D_threshold_0.2	linear	5	82	0.25	17	0.63	0.63	0.63
fluor_class_2D_threshold_0.2	poly	5	82	0.25	17	0.63	0.63	0.63
fluor_class_2D_threshold_0.2	rbf	5	82	0.3	17	0.63	0.63	0.63
fluor_class_2D_threshold_0.2	linear	5	82	0.3	17	0.63	0.63	0.63
fluor_class_2D_threshold_0.2	poly	5	82	0.3	17	0.63	0.63	0.63
fluor_class_2D_threshold_0.2	rbf	10	82	0.2	17	0.63	0.63	0.63
fluor_class_2D_threshold_0.2	linear	10	82	0.2	17	0.63	0.63	0.63
fluor_class_2D_threshold_0.2	poly	10	82	0.2	17	0.63	0.63	0.63
fluor_class_2D_threshold_0.2	rbf	10	82	0.25	17	0.63	0.63	0.63
fluor_class_2D_threshold_0.2	linear	10	82	0.25	17	0.63	0.63	0.63
fluor_class_2D_threshold_0.2	poly	10	82	0.25	17	0.63	0.63	0.63
fluor_class_2D_threshold_0.2	rbf	10	82	0.3	17	0.63	0.63	0.63
fluor_class_2D_threshold_0.2	linear	10	82	0.3	17	0.63	0.63	0.63
fluor_class_2D_threshold_0.2	poly	10	82	0.3	17	0.63	0.63	0.63
fluor_class_2D_threshold_0.3	rbf	5	82	0.2	17	0.69	0.69	0.71
fluor_class_2D_threshold_0.3	linear	5	82	0.2	17	0.63	0.63	0.63
fluor_class_2D_threshold_0.3	poly	5	82	0.2	17	0.63	0.63	0.63
fluor_class_2D_threshold_0.3	rbf	5	82	0.25	17	0.68	0.68	0.72
fluor_class_2D_threshold_0.3	linear	5	82	0.25	17	0.63	0.63	0.63
fluor_class_2D_threshold_0.3	poly	5	82	0.25	17	0.63	0.63	0.63
fluor_class_2D_threshold_0.3	rbf	5	82	0.3	17	0.68	0.68	0.69
fluor_class_2D_threshold_0.3	linear	5	82	0.3	17	0.63	0.63	0.63
fluor_class_2D_threshold_0.3	poly	5	82	0.3	17	0.63	0.63	0.62
fluor_class_2D_threshold_0.3	rbf	10	82	0.2	17	0.69	0.69	0.71
fluor_class_2D_threshold_0.3	linear	10	82	0.2	17	0.63	0.63	0.63
fluor_class_2D_threshold_0.3	poly	10	82	0.2	17	0.63	0.63	0.63
fluor_class_2D_threshold_0.3	rbf	10	82	0.25	17	0.68	0.68	0.72
fluor_class_2D_threshold_0.3	linear	10	82	0.25	17	0.63	0.63	0.63
fluor_class_2D_threshold_0.3	poly	10	82	0.25	17	0.63	0.63	0.63
fluor_class_2D_threshold_0.3	rbf	10	82	0.3	17	0.68	0.68	0.69
fluor_class_2D_threshold_0.3	linear	10	82	0.3	17	0.63	0.63	0.63
fluor_class_2D_threshold_0.3	poly	10	82	0.3	17	0.63	0.63	0.62
fluor_class_2D_threshold_0.4	rbf	5	82	0.2	17	0.75	0.76	0.73
fluor_class_2D_threshold_0.4	linear	5	82	0.2	17	0.63	0.65	0.63
fluor_class_2D_threshold_0.4	poly	5	82	0.2	17	0.69	0.69	0.69
fluor_class_2D_threshold_0.4	rbf	5	82	0.25	17	0.75	0.76	0.75
fluor_class_2D_threshold_0.4	linear	5	82	0.25	17	0.63	0.64	0.63
fluor_class_2D_threshold_0.4	poly	5	82	0.25	17	0.69	0.69	0.69
fluor_class_2D_threshold_0.4	rbf	5	82	0.3	17	0.75	0.75	0.76
fluor_class_2D_threshold_0.4	linear	5	82	0.3	17	0.63	0.64	0.63
fluor_class_2D_threshold_0.4	poly	5	82	0.3	17	0.69	0.69	0.68
fluor_class_2D_threshold_0.4	rbf	10	82	0.2	17	0.75	0.76	0.73
fluor_class_2D_threshold_0.4	linear	10	82	0.2	17	0.63	0.64	0.63
fluor_class_2D_threshold_0.4	poly	10	82	0.2	17	0.69	0.69	0.69
fluor_class_2D_threshold_0.4	rbf	10	82	0.25	17	0.75	0.75	0.75
fluor_class_2D_threshold_0.4	linear	10	82	0.25	17	0.63	0.63	0.63
fluor_class_2D_threshold_0.4	poly	10	82	0.25	17	0.69	0.69	0.69
fluor_class_2D_threshold_0.4	rbf	10	82	0.3	17	0.75	0.75	0.76
fluor_class_2D_threshold_0.4	linear	10	82	0.3	17	0.63	0.63	0.63
fluor_class_2D_threshold_0.4	poly	10	82	0.3	17	0.69	0.69	0.68
fluor_class_2D_threshold_0.5	rbf	5	82	0.2	17	0.76	0.77	0.75
fluor_class_2D_threshold_0.5	linear	5	82	0.2	17	0.65	0.65	0.68
fluor_class_2D_threshold_0.5	poly	5	82	0.2	17	0.7	0.7	0.69
fluor_class_2D_threshold_0.5	rbf	5	82	0.25	17	0.76	0.76	0.75
fluor_class_2D_threshold_0.5	linear	5	82	0.25	17	0.63	0.65	0.63
fluor_class_2D_threshold_0.5	poly	5	82	0.25	17	0.69	0.69	0.69
fluor_class_2D_threshold_0.5	rbf	5	82	0.3	17	0.76	0.76	0.76
fluor_class_2D_threshold_0.5	linear	5	82	0.3	17	0.63	0.65	0.63
fluor_class_2D_threshold_0.5	poly	5	82	0.3	17	0.7	0.7	0.68
fluor_class_2D_threshold_0.5	rbf	10	82	0.2	17	0.76	0.77	0.75
fluor_class_2D_threshold_0.5	linear	10	82	0.2	17	0.65	0.65	0.68
fluor_class_2D_threshold_0.5	poly	10	82	0.2	17	0.7	0.7	0.69
fluor_class_2D_threshold_0.5	rbf	10	82	0.25	17	0.76	0.76	0.75
fluor_class_2D_threshold_0.5	linear	10	82	0.25	17	0.63	0.64	0.63
fluor_class_2D_threshold_0.5	poly	10	82	0.25	17	0.69	0.69	0.69
fluor_class_2D_threshold_0.5	rbf	10	82	0.3	17	0.76	0.76	0.76
fluor_class_2D_threshold_0.5	linear	10	82	0.3	17	0.63	0.65	0.63
fluor_class_2D_threshold_0.5	poly	10	82	0.3	17	0.7	0.7	0.68
fluor_class_2D_threshold_0.6	rbf	5	82	0.2	17	0.8	0.8	0.75
fluor_class_2D_threshold_0.6	linear	5	82	0.2	17	0.75	0.75	0.73
fluor_class_2D_threshold_0.6	poly	5	82	0.2	17	0.75	0.75	0.73
fluor_class_2D_threshold_0.6	sigmoid	5	82	0.2	17	0.64	0.64	0.69
fluor_class_2D_threshold_0.6	rbf	5	82	0.25	17	0.8	0.8	0.76
fluor_class_2D_threshold_0.6	linear	5	82	0.25	17	0.74	0.75	0.74
fluor_class_2D_threshold_0.6	poly	5	82	0.25	17	0.75	0.74	0.73
fluor_class_2D_threshold_0.6	sigmoid	5	82	0.25	17	0.64	0.65	0.67
fluor_class_2D_threshold_0.6	rbf	5	82	0.3	17	0.81	0.81	0.76
fluor_class_2D_threshold_0.6	linear	5	82	0.3	17	0.75	0.75	0.74
fluor_class_2D_threshold_0.6	poly	5	82	0.3	17	0.75	0.75	0.72
fluor_class_2D_threshold_0.6	sigmoid	5	82	0.3	17	0.64	0.65	0.67
fluor_class_2D_threshold_0.6	rbf	10	82	0.2	17	0.8	0.81	0.75
fluor_class_2D_threshold_0.6	linear	10	82	0.2	17	0.75	0.75	0.73
fluor_class_2D_threshold_0.6	poly	10	82	0.2	17	0.75	0.75	0.73
fluor_class_2D_threshold_0.6	sigmoid	10	82	0.2	17	0.64	0.64	0.69
fluor_class_2D_threshold_0.6	rbf	10	82	0.25	17	0.8	0.81	0.76
fluor_class_2D_threshold_0.6	linear	10	82	0.25	17	0.74	0.74	0.74
fluor_class_2D_threshold_0.6	poly	10	82	0.25	17	0.75	0.75	0.73
fluor_class_2D_threshold_0.6	sigmoid	10	82	0.25	17	0.64	0.64	0.67
fluor_class_2D_threshold_0.6	rbf	10	82	0.3	17	0.81	0.81	0.76
fluor_class_2D_threshold_0.6	linear	10	82	0.3	17	0.75	0.75	0.74
fluor_class_2D_threshold_0.6	poly	10	82	0.3	17	0.75	0.75	0.72
fluor_class_2D_threshold_0.6	sigmoid	10	82	0.3	17	0.64	0.65	0.67
fluor_class_2D_threshold_0.7	rbf	5	82	0.2	17	0.81	0.81	0.77
fluor_class_2D_threshold_0.7	linear	5	82	0.2	17	0.75	0.75	0.76
fluor_class_2D_threshold_0.7	poly	5	82	0.2	17	0.76	0.75	0.75
fluor_class_2D_threshold_0.7	sigmoid	5	82	0.2	17	0.64	0.65	0.69
fluor_class_2D_threshold_0.7	rbf	5	82	0.25	17	0.81	0.81	0.78
fluor_class_2D_threshold_0.7	linear	5	82	0.25	17	0.75	0.75	0.76
fluor_class_2D_threshold_0.7	poly	5	82	0.25	17	0.75	0.75	0.74
fluor_class_2D_threshold_0.7	sigmoid	5	82	0.25	17	0.65	0.65	0.69
fluor_class_2D_threshold_0.7	rbf	5	82	0.3	17	0.81	0.81	0.77
fluor_class_2D_threshold_0.7	linear	5	82	0.3	17	0.75	0.75	0.76
fluor_class_2D_threshold_0.7	poly	5	82	0.3	17	0.76	0.75	0.72
fluor_class_2D_threshold_0.7	sigmoid	5	82	0.3	17	0.66	0.66	0.68
fluor_class_2D_threshold_0.7	rbf	10	82	0.2	17	0.81	0.81	0.77
fluor_class_2D_threshold_0.7	linear	10	82	0.2	17	0.75	0.75	0.76
fluor_class_2D_threshold_0.7	poly	10	82	0.2	17	0.76	0.76	0.75
fluor_class_2D_threshold_0.7	sigmoid	10	82	0.2	17	0.64	0.64	0.69
fluor_class_2D_threshold_0.7	rbf	10	82	0.25	17	0.81	0.81	0.78
fluor_class_2D_threshold_0.7	linear	10	82	0.25	17	0.75	0.75	0.76
fluor_class_2D_threshold_0.7	poly	10	82	0.25	17	0.75	0.75	0.74
fluor_class_2D_threshold_0.7	sigmoid	10	82	0.25	17	0.65	0.65	0.69
fluor_class_2D_threshold_0.7	rbf	10	82	0.3	17	0.81	0.81	0.77
fluor_class_2D_threshold_0.7	linear	10	82	0.3	17	0.75	0.75	0.76
fluor_class_2D_threshold_0.7	poly	10	82	0.3	17	0.76	0.75	0.72
fluor_class_2D_threshold_0.7	sigmoid	10	82	0.3	17	0.66	0.66	0.68
fluor_class_2D_threshold_0.8	rbf	5	82	0.2	17	0.82	0.82	0.78
fluor_class_2D_threshold_0.8	linear	5	82	0.2	17	0.76	0.76	0.76
fluor_class_2D_threshold_0.8	poly	5	82	0.2	17	0.76	0.76	0.73
fluor_class_2D_threshold_0.8	sigmoid	5	82	0.2	17	0.64	0.67	0.69
fluor_class_2D_threshold_0.8	rbf	5	82	0.25	17	0.82	0.82	0.79
fluor_class_2D_threshold_0.8	linear	5	82	0.25	17	0.75	0.76	0.77
fluor_class_2D_threshold_0.8	poly	5	82	0.25	17	0.76	0.75	0.74
fluor_class_2D_threshold_0.8	sigmoid	5	82	0.25	17	0.64	0.66	0.68
fluor_class_2D_threshold_0.8	rbf	5	82	0.3	17	0.82	0.82	0.78
fluor_class_2D_threshold_0.8	linear	5	82	0.3	17	0.76	0.76	0.76
fluor_class_2D_threshold_0.8	poly	5	82	0.3	17	0.75	0.76	0.72
fluor_class_2D_threshold_0.8	sigmoid	5	82	0.3	17	0.67	0.68	0.67
fluor_class_2D_threshold_0.8	rbf	10	82	0.2	17	0.82	0.82	0.78
fluor_class_2D_threshold_0.8	linear	10	82	0.2	17	0.76	0.76	0.76
fluor_class_2D_threshold_0.8	poly	10	82	0.2	17	0.76	0.76	0.73
fluor_class_2D_threshold_0.8	sigmoid	10	82	0.2	17	0.64	0.67	0.69
fluor_class_2D_threshold_0.8	rbf	10	82	0.25	17	0.82	0.82	0.79
fluor_class_2D_threshold_0.8	linear	10	82	0.25	17	0.75	0.76	0.77
fluor_class_2D_threshold_0.8	poly	10	82	0.25	17	0.76	0.75	0.74
fluor_class_2D_threshold_0.8	sigmoid	10	82	0.25	17	0.64	0.66	0.68
fluor_class_2D_threshold_0.8	rbf	10	82	0.3	17	0.82	0.82	0.78
fluor_class_2D_threshold_0.8	linear	10	82	0.3	17	0.76	0.76	0.76
fluor_class_2D_threshold_0.8	poly	10	82	0.3	17	0.75	0.75	0.72
fluor_class_2D_threshold_0.8	sigmoid	10	82	0.3	17	0.67	0.67	0.67
fluor_class_2D_threshold_0.9	rbf	5	82	0.2	17	0.83	0.83	0.77
fluor_class_2D_threshold_0.9	linear	5	82	0.2	17	0.76	0.76	0.75
fluor_class_2D_threshold_0.9	poly	5	82	0.2	17	0.76	0.75	0.72
fluor_class_2D_threshold_0.9	sigmoid	5	82	0.2	17	0.65	0.65	0.67
fluor_class_2D_threshold_0.9	rbf	5	82	0.25	17	0.83	0.83	0.77
fluor_class_2D_threshold_0.9	linear	5	82	0.25	17	0.76	0.76	0.77
fluor_class_2D_threshold_0.9	poly	5	82	0.25	17	0.75	0.75	0.74
fluor_class_2D_threshold_0.9	sigmoid	5	82	0.25	17	0.64	0.65	0.67
fluor_class_2D_threshold_0.9	rbf	5	82	0.3	17	0.83	0.83	0.77
fluor_class_2D_threshold_0.9	linear	5	82	0.3	17	0.76	0.76	0.75
fluor_class_2D_threshold_0.9	poly	5	82	0.3	17	0.75	0.75	0.72
fluor_class_2D_threshold_0.9	sigmoid	5	82	0.3	17	0.65	0.66	0.65
fluor_class_2D_threshold_0.9	rbf	10	82	0.2	17	0.83	0.83	0.77
fluor_class_2D_threshold_0.9	linear	10	82	0.2	17	0.76	0.76	0.75
fluor_class_2D_threshold_0.9	poly	10	82	0.2	17	0.76	0.76	0.72
fluor_class_2D_threshold_0.9	sigmoid	10	82	0.2	17	0.65	0.65	0.67
fluor_class_2D_threshold_0.9	rbf	10	82	0.25	17	0.83	0.83	0.77
fluor_class_2D_threshold_0.9	linear	10	82	0.25	17	0.76	0.76	0.77
fluor_class_2D_threshold_0.9	poly	10	82	0.25	17	0.75	0.75	0.74
fluor_class_2D_threshold_0.9	sigmoid	10	82	0.25	17	0.64	0.65	0.67
fluor_class_2D_threshold_0.9	rbf	10	82	0.3	17	0.83	0.83	0.77
fluor_class_2D_threshold_0.9	linear	10	82	0.3	17	0.76	0.77	0.75
fluor_class_2D_threshold_0.9	poly	10	82	0.3	17	0.75	0.75	0.72
fluor_class_2D_threshold_0.9	sigmoid	10	82	0.3	17	0.65	0.65	0.65
fluor_class_2D_threshold_1.0	rbf	5	82	0.2	17	0.82	0.82	0.77
fluor_class_2D_threshold_1.0	linear	5	82	0.2	17	0.77	0.77	0.73
fluor_class_2D_threshold_1.0	poly	5	82	0.2	17	0.74	0.74	0.72
fluor_class_2D_threshold_1.0	rbf	5	82	0.25	17	0.82	0.82	0.77
fluor_class_2D_threshold_1.0	linear	5	82	0.25	17	0.77	0.77	0.74
fluor_class_2D_threshold_1.0	poly	5	82	0.25	17	0.73	0.73	0.74
fluor_class_2D_threshold_1.0	rbf	5	82	0.3	17	0.82	0.82	0.77
fluor_class_2D_threshold_1.0	linear	5	82	0.3	17	0.76	0.77	0.74
fluor_class_2D_threshold_1.0	poly	5	82	0.3	17	0.73	0.74	0.72
fluor_class_2D_threshold_1.0	rbf	10	82	0.2	17	0.82	0.82	0.77
fluor_class_2D_threshold_1.0	linear	10	82	0.2	17	0.77	0.77	0.73
fluor_class_2D_threshold_1.0	poly	10	82	0.2	17	0.74	0.74	0.72
fluor_class_2D_threshold_1.0	rbf	10	82	0.25	17	0.82	0.82	0.77
fluor_class_2D_threshold_1.0	linear	10	82	0.25	17	0.77	0.77	0.74
fluor_class_2D_threshold_1.0	poly	10	82	0.25	17	0.73	0.73	0.74
fluor_class_2D_threshold_1.0	rbf	10	82	0.3	17	0.82	0.82	0.77
fluor_class_2D_threshold_1.0	linear	10	82	0.3	17	0.76	0.77	0.74
fluor_class_2D_threshold_1.0	poly	10	82	0.3	17	0.73	0.73	0.72
fluor_class_3D_threshold_0.0	rbf	5	82	0.2	17	0.63	0.63	0.63
fluor_class_3D_threshold_0.0	linear	5	82	0.2	17	0.63	0.63	0.63
fluor_class_3D_threshold_0.0	poly	5	82	0.2	17	0.63	0.63	0.63
fluor_class_3D_threshold_0.0	rbf	5	82	0.25	17	0.63	0.63	0.63
fluor_class_3D_threshold_0.0	linear	5	82	0.25	17	0.63	0.63	0.63
fluor_class_3D_threshold_0.0	poly	5	82	0.25	17	0.63	0.63	0.63
fluor_class_3D_threshold_0.0	rbf	5	82	0.3	17	0.63	0.63	0.63
fluor_class_3D_threshold_0.0	linear	5	82	0.3	17	0.63	0.63	0.63
fluor_class_3D_threshold_0.0	poly	5	82	0.3	17	0.63	0.63	0.63
fluor_class_3D_threshold_0.0	rbf	10	82	0.2	17	0.63	0.63	0.63
fluor_class_3D_threshold_0.0	linear	10	82	0.2	17	0.63	0.63	0.63
fluor_class_3D_threshold_0.0	poly	10	82	0.2	17	0.63	0.63	0.63
fluor_class_3D_threshold_0.0	rbf	10	82	0.25	17	0.63	0.63	0.63
fluor_class_3D_threshold_0.0	linear	10	82	0.25	17	0.63	0.63	0.63
fluor_class_3D_threshold_0.0	poly	10	82	0.25	17	0.63	0.63	0.63
fluor_class_3D_threshold_0.0	rbf	10	82	0.3	17	0.63	0.63	0.63
fluor_class_3D_threshold_0.0	linear	10	82	0.3	17	0.63	0.63	0.63
fluor_class_3D_threshold_0.0	poly	10	82	0.3	17	0.63	0.63	0.63
fluor_class_3D_threshold_0.1	rbf	5	82	0.2	17	0.63	0.63	0.63
fluor_class_3D_threshold_0.1	linear	5	82	0.2	17	0.63	0.63	0.63
fluor_class_3D_threshold_0.1	poly	5	82	0.2	17	0.63	0.63	0.63
fluor_class_3D_threshold_0.1	rbf	5	82	0.25	17	0.63	0.63	0.63
fluor_class_3D_threshold_0.1	linear	5	82	0.25	17	0.63	0.63	0.63
fluor_class_3D_threshold_0.1	poly	5	82	0.25	17	0.63	0.63	0.63
fluor_class_3D_threshold_0.1	rbf	5	82	0.3	17	0.63	0.63	0.63
fluor_class_3D_threshold_0.1	linear	5	82	0.3	17	0.63	0.63	0.63
fluor_class_3D_threshold_0.1	poly	5	82	0.3	17	0.63	0.63	0.63
fluor_class_3D_threshold_0.1	rbf	10	82	0.2	17	0.63	0.63	0.63
fluor_class_3D_threshold_0.1	linear	10	82	0.2	17	0.63	0.63	0.63
fluor_class_3D_threshold_0.1	poly	10	82	0.2	17	0.63	0.63	0.63
fluor_class_3D_threshold_0.1	rbf	10	82	0.25	17	0.63	0.63	0.63
fluor_class_3D_threshold_0.1	linear	10	82	0.25	17	0.63	0.63	0.63
fluor_class_3D_threshold_0.1	poly	10	82	0.25	17	0.63	0.63	0.63
fluor_class_3D_threshold_0.1	rbf	10	82	0.3	17	0.63	0.63	0.63
fluor_class_3D_threshold_0.1	linear	10	82	0.3	17	0.63	0.63	0.63
fluor_class_3D_threshold_0.1	poly	10	82	0.3	17	0.63	0.63	0.63
fluor_class_3D_threshold_0.2	rbf	5	82	0.2	17	0.63	0.63	0.63
fluor_class_3D_threshold_0.2	linear	5	82	0.2	17	0.63	0.63	0.63
fluor_class_3D_threshold_0.2	poly	5	82	0.2	17	0.63	0.63	0.63
fluor_class_3D_threshold_0.2	rbf	5	82	0.25	17	0.63	0.63	0.63
fluor_class_3D_threshold_0.2	linear	5	82	0.25	17	0.63	0.63	0.63
fluor_class_3D_threshold_0.2	poly	5	82	0.25	17	0.63	0.63	0.63
fluor_class_3D_threshold_0.2	rbf	5	82	0.3	17	0.63	0.63	0.63
fluor_class_3D_threshold_0.2	linear	5	82	0.3	17	0.63	0.63	0.63
fluor_class_3D_threshold_0.2	poly	5	82	0.3	17	0.63	0.63	0.63
fluor_class_3D_threshold_0.2	rbf	10	82	0.2	17	0.63	0.63	0.63
fluor_class_3D_threshold_0.2	linear	10	82	0.2	17	0.63	0.63	0.63
fluor_class_3D_threshold_0.2	poly	10	82	0.2	17	0.63	0.63	0.63
fluor_class_3D_threshold_0.2	rbf	10	82	0.25	17	0.63	0.63	0.63
fluor_class_3D_threshold_0.2	linear	10	82	0.25	17	0.63	0.63	0.63
fluor_class_3D_threshold_0.2	poly	10	82	0.25	17	0.63	0.63	0.63
fluor_class_3D_threshold_0.2	rbf	10	82	0.3	17	0.63	0.63	0.63
fluor_class_3D_threshold_0.2	linear	10	82	0.3	17	0.63	0.63	0.63
fluor_class_3D_threshold_0.2	poly	10	82	0.3	17	0.63	0.63	0.63
fluor_class_3D_threshold_0.3	rbf	5	82	0.2	17	0.69	0.69	0.71
fluor_class_3D_threshold_0.3	linear	5	82	0.2	17	0.63	0.63	0.63
fluor_class_3D_threshold_0.3	poly	5	82	0.2	17	0.63	0.63	0.63
fluor_class_3D_threshold_0.3	rbf	5	82	0.25	17	0.68	0.68	0.72
fluor_class_3D_threshold_0.3	linear	5	82	0.25	17	0.63	0.63	0.63
fluor_class_3D_threshold_0.3	poly	5	82	0.25	17	0.63	0.63	0.63
fluor_class_3D_threshold_0.3	rbf	5	82	0.3	17	0.68	0.68	0.69
fluor_class_3D_threshold_0.3	linear	5	82	0.3	17	0.63	0.63	0.63
fluor_class_3D_threshold_0.3	poly	5	82	0.3	17	0.63	0.63	0.62
fluor_class_3D_threshold_0.3	rbf	10	82	0.2	17	0.69	0.69	0.71
fluor_class_3D_threshold_0.3	linear	10	82	0.2	17	0.63	0.63	0.63
fluor_class_3D_threshold_0.3	poly	10	82	0.2	17	0.63	0.63	0.63
fluor_class_3D_threshold_0.3	rbf	10	82	0.25	17	0.68	0.68	0.72
fluor_class_3D_threshold_0.3	linear	10	82	0.25	17	0.63	0.63	0.63
fluor_class_3D_threshold_0.3	poly	10	82	0.25	17	0.63	0.63	0.63
fluor_class_3D_threshold_0.3	rbf	10	82	0.3	17	0.68	0.68	0.69
fluor_class_3D_threshold_0.3	linear	10	82	0.3	17	0.63	0.63	0.63
fluor_class_3D_threshold_0.3	poly	10	82	0.3	17	0.63	0.63	0.62
fluor_class_3D_threshold_0.4	rbf	5	82	0.2	17	0.75	0.76	0.73
fluor_class_3D_threshold_0.4	linear	5	82	0.2	17	0.63	0.65	0.63
fluor_class_3D_threshold_0.4	poly	5	82	0.2	17	0.69	0.69	0.69
fluor_class_3D_threshold_0.4	rbf	5	82	0.25	17	0.75	0.76	0.75
fluor_class_3D_threshold_0.4	linear	5	82	0.25	17	0.63	0.64	0.63
fluor_class_3D_threshold_0.4	poly	5	82	0.25	17	0.69	0.69	0.69
fluor_class_3D_threshold_0.4	rbf	5	82	0.3	17	0.75	0.75	0.76
fluor_class_3D_threshold_0.4	linear	5	82	0.3	17	0.63	0.64	0.63
fluor_class_3D_threshold_0.4	poly	5	82	0.3	17	0.69	0.69	0.68
fluor_class_3D_threshold_0.4	rbf	10	82	0.2	17	0.75	0.76	0.73
fluor_class_3D_threshold_0.4	linear	10	82	0.2	17	0.63	0.64	0.63
fluor_class_3D_threshold_0.4	poly	10	82	0.2	17	0.69	0.69	0.69
fluor_class_3D_threshold_0.4	rbf	10	82	0.25	17	0.75	0.75	0.75
fluor_class_3D_threshold_0.4	linear	10	82	0.25	17	0.63	0.63	0.63
fluor_class_3D_threshold_0.4	poly	10	82	0.25	17	0.69	0.69	0.69
fluor_class_3D_threshold_0.4	rbf	10	82	0.3	17	0.75	0.75	0.76
fluor_class_3D_threshold_0.4	linear	10	82	0.3	17	0.63	0.63	0.63
fluor_class_3D_threshold_0.4	poly	10	82	0.3	17	0.69	0.69	0.68
fluor_class_3D_threshold_0.5	rbf	5	82	0.2	17	0.76	0.77	0.75
fluor_class_3D_threshold_0.5	linear	5	82	0.2	17	0.65	0.65	0.68
fluor_class_3D_threshold_0.5	poly	5	82	0.2	17	0.7	0.7	0.69
fluor_class_3D_threshold_0.5	rbf	5	82	0.25	17	0.76	0.76	0.75
fluor_class_3D_threshold_0.5	linear	5	82	0.25	17	0.63	0.65	0.63
fluor_class_3D_threshold_0.5	poly	5	82	0.25	17	0.69	0.69	0.69
fluor_class_3D_threshold_0.5	rbf	5	82	0.3	17	0.76	0.76	0.76
fluor_class_3D_threshold_0.5	linear	5	82	0.3	17	0.63	0.65	0.63
fluor_class_3D_threshold_0.5	poly	5	82	0.3	17	0.7	0.7	0.68
fluor_class_3D_threshold_0.5	rbf	10	82	0.2	17	0.76	0.77	0.75
fluor_class_3D_threshold_0.5	linear	10	82	0.2	17	0.65	0.65	0.68
fluor_class_3D_threshold_0.5	poly	10	82	0.2	17	0.7	0.7	0.69
fluor_class_3D_threshold_0.5	rbf	10	82	0.25	17	0.76	0.76	0.75
fluor_class_3D_threshold_0.5	linear	10	82	0.25	17	0.63	0.64	0.63
fluor_class_3D_threshold_0.5	poly	10	82	0.25	17	0.69	0.69	0.69
fluor_class_3D_threshold_0.5	rbf	10	82	0.3	17	0.76	0.76	0.76
fluor_class_3D_threshold_0.5	linear	10	82	0.3	17	0.63	0.65	0.63
fluor_class_3D_threshold_0.5	poly	10	82	0.3	17	0.7	0.7	0.68
fluor_class_3D_threshold_0.6	rbf	5	82	0.2	17	0.81	0.81	0.76
fluor_class_3D_threshold_0.6	linear	5	82	0.2	17	0.75	0.75	0.73
fluor_class_3D_threshold_0.6	poly	5	82	0.2	17	0.76	0.76	0.74
fluor_class_3D_threshold_0.6	sigmoid	5	82	0.2	17	0.65	0.65	0.68
fluor_class_3D_threshold_0.6	rbf	5	82	0.25	17	0.8	0.81	0.78
fluor_class_3D_threshold_0.6	linear	5	82	0.25	17	0.75	0.75	0.75
fluor_class_3D_threshold_0.6	poly	5	82	0.25	17	0.76	0.75	0.75
fluor_class_3D_threshold_0.6	sigmoid	5	82	0.25	17	0.65	0.66	0.67
fluor_class_3D_threshold_0.6	rbf	5	82	0.3	17	0.81	0.81	0.78
fluor_class_3D_threshold_0.6	linear	5	82	0.3	17	0.76	0.76	0.75
fluor_class_3D_threshold_0.6	poly	5	82	0.3	17	0.76	0.75	0.73
fluor_class_3D_threshold_0.6	sigmoid	5	82	0.3	17	0.65	0.66	0.67
fluor_class_3D_threshold_0.6	rbf	10	82	0.2	17	0.81	0.81	0.76
fluor_class_3D_threshold_0.6	linear	10	82	0.2	17	0.75	0.75	0.73
fluor_class_3D_threshold_0.6	poly	10	82	0.2	17	0.76	0.76	0.74
fluor_class_3D_threshold_0.6	sigmoid	10	82	0.2	17	0.65	0.65	0.68
fluor_class_3D_threshold_0.6	rbf	10	82	0.25	17	0.8	0.81	0.78
fluor_class_3D_threshold_0.6	linear	10	82	0.25	17	0.75	0.75	0.75
fluor_class_3D_threshold_0.6	poly	10	82	0.25	17	0.76	0.76	0.75
fluor_class_3D_threshold_0.6	sigmoid	10	82	0.25	17	0.65	0.65	0.67
fluor_class_3D_threshold_0.6	rbf	10	82	0.3	17	0.81	0.81	0.78
fluor_class_3D_threshold_0.6	linear	10	82	0.3	17	0.76	0.76	0.75
fluor_class_3D_threshold_0.6	poly	10	82	0.3	17	0.76	0.76	0.73
fluor_class_3D_threshold_0.6	sigmoid	10	82	0.3	17	0.65	0.65	0.67
fluor_class_3D_threshold_0.7	rbf	5	82	0.2	17	0.82	0.81	0.78
fluor_class_3D_threshold_0.7	linear	5	82	0.2	17	0.76	0.76	0.76
fluor_class_3D_threshold_0.7	poly	5	82	0.2	17	0.77	0.76	0.76
fluor_class_3D_threshold_0.7	sigmoid	5	82	0.2	17	0.65	0.65	0.69
fluor_class_3D_threshold_0.7	rbf	5	82	0.25	17	0.81	0.82	0.78
fluor_class_3D_threshold_0.7	linear	5	82	0.25	17	0.76	0.76	0.77
fluor_class_3D_threshold_0.7	poly	5	82	0.25	17	0.77	0.76	0.76
fluor_class_3D_threshold_0.7	sigmoid	5	82	0.25	17	0.64	0.66	0.69
fluor_class_3D_threshold_0.7	rbf	5	82	0.3	17	0.81	0.82	0.78
fluor_class_3D_threshold_0.7	linear	5	82	0.3	17	0.76	0.76	0.76
fluor_class_3D_threshold_0.7	poly	5	82	0.3	17	0.77	0.77	0.73
fluor_class_3D_threshold_0.7	sigmoid	5	82	0.3	17	0.66	0.66	0.7
fluor_class_3D_threshold_0.7	rbf	10	82	0.2	17	0.82	0.82	0.78
fluor_class_3D_threshold_0.7	linear	10	82	0.2	17	0.76	0.76	0.76
fluor_class_3D_threshold_0.7	poly	10	82	0.2	17	0.77	0.77	0.76
fluor_class_3D_threshold_0.7	sigmoid	10	82	0.2	17	0.65	0.65	0.69
fluor_class_3D_threshold_0.7	rbf	10	82	0.25	17	0.81	0.81	0.78
fluor_class_3D_threshold_0.7	linear	10	82	0.25	17	0.76	0.76	0.77
fluor_class_3D_threshold_0.7	poly	10	82	0.25	17	0.77	0.76	0.76
fluor_class_3D_threshold_0.7	sigmoid	10	82	0.25	17	0.64	0.66	0.69
fluor_class_3D_threshold_0.7	rbf	10	82	0.3	17	0.81	0.82	0.78
fluor_class_3D_threshold_0.7	linear	10	82	0.3	17	0.76	0.76	0.76
fluor_class_3D_threshold_0.7	poly	10	82	0.3	17	0.77	0.76	0.73
fluor_class_3D_threshold_0.7	sigmoid	10	82	0.3	17	0.66	0.66	0.7
fluor_class_3D_threshold_0.8	rbf	5	82	0.2	17	0.83	0.82	0.79
fluor_class_3D_threshold_0.8	linear	5	82	0.2	17	0.76	0.76	0.76
fluor_class_3D_threshold_0.8	poly	5	82	0.2	17	0.76	0.75	0.74
fluor_class_3D_threshold_0.8	sigmoid	5	82	0.2	17	0.67	0.68	0.69
fluor_class_3D_threshold_0.8	rbf	5	82	0.25	17	0.82	0.83	0.79
fluor_class_3D_threshold_0.8	linear	5	82	0.25	17	0.76	0.76	0.77
fluor_class_3D_threshold_0.8	poly	5	82	0.25	17	0.76	0.76	0.74
fluor_class_3D_threshold_0.8	sigmoid	5	82	0.25	17	0.68	0.68	0.69
fluor_class_3D_threshold_0.8	rbf	5	82	0.3	17	0.83	0.83	0.79
fluor_class_3D_threshold_0.8	linear	5	82	0.3	17	0.76	0.77	0.76
fluor_class_3D_threshold_0.8	poly	5	82	0.3	17	0.75	0.75	0.72
fluor_class_3D_threshold_0.8	sigmoid	5	82	0.3	17	0.68	0.68	0.66
fluor_class_3D_threshold_0.8	rbf	10	82	0.2	17	0.83	0.83	0.79
fluor_class_3D_threshold_0.8	linear	10	82	0.2	17	0.76	0.76	0.76
fluor_class_3D_threshold_0.8	poly	10	82	0.2	17	0.76	0.76	0.74
fluor_class_3D_threshold_0.8	sigmoid	10	82	0.2	17	0.67	0.67	0.69
fluor_class_3D_threshold_0.8	rbf	10	82	0.25	17	0.82	0.82	0.79
fluor_class_3D_threshold_0.8	linear	10	82	0.25	17	0.76	0.76	0.77
fluor_class_3D_threshold_0.8	poly	10	82	0.25	17	0.76	0.76	0.74
fluor_class_3D_threshold_0.8	sigmoid	10	82	0.25	17	0.68	0.68	0.69
fluor_class_3D_threshold_0.8	rbf	10	82	0.3	17	0.83	0.83	0.79
fluor_class_3D_threshold_0.8	linear	10	82	0.3	17	0.76	0.76	0.76
fluor_class_3D_threshold_0.8	poly	10	82	0.3	17	0.75	0.75	0.72
fluor_class_3D_threshold_0.8	sigmoid	10	82	0.3	17	0.68	0.68	0.66
fluor_class_3D_threshold_0.9	rbf	5	82	0.2	17	0.83	0.83	0.79
fluor_class_3D_threshold_0.9	linear	5	82	0.2	17	0.77	0.77	0.74
fluor_class_3D_threshold_0.9	poly	5	82	0.2	17	0.76	0.76	0.74
fluor_class_3D_threshold_0.9	sigmoid	5	82	0.2	17	0.65	0.66	0.69
fluor_class_3D_threshold_0.9	rbf	5	82	0.25	17	0.83	0.83	0.79
fluor_class_3D_threshold_0.9	linear	5	82	0.25	17	0.76	0.77	0.75
fluor_class_3D_threshold_0.9	poly	5	82	0.25	17	0.76	0.76	0.74
fluor_class_3D_threshold_0.9	sigmoid	5	82	0.25	17	0.65	0.66	0.66
fluor_class_3D_threshold_0.9	rbf	5	82	0.3	17	0.84	0.84	0.78
fluor_class_3D_threshold_0.9	linear	5	82	0.3	17	0.77	0.77	0.74
fluor_class_3D_threshold_0.9	poly	5	82	0.3	17	0.76	0.76	0.73
fluor_class_3D_threshold_0.9	sigmoid	5	82	0.3	17	0.65	0.66	0.65
fluor_class_3D_threshold_0.9	rbf	10	82	0.2	17	0.83	0.83	0.79
fluor_class_3D_threshold_0.9	linear	10	82	0.2	17	0.77	0.77	0.74
fluor_class_3D_threshold_0.9	poly	10	82	0.2	17	0.76	0.77	0.74
fluor_class_3D_threshold_0.9	sigmoid	10	82	0.2	17	0.65	0.65	0.69
fluor_class_3D_threshold_0.9	rbf	10	82	0.25	17	0.83	0.83	0.79
fluor_class_3D_threshold_0.9	linear	10	82	0.25	17	0.76	0.77	0.75
fluor_class_3D_threshold_0.9	poly	10	82	0.25	17	0.76	0.76	0.74
fluor_class_3D_threshold_0.9	sigmoid	10	82	0.25	17	0.65	0.65	0.66
fluor_class_3D_threshold_0.9	rbf	10	82	0.3	17	0.84	0.84	0.78
fluor_class_3D_threshold_0.9	linear	10	82	0.3	17	0.77	0.77	0.74
fluor_class_3D_threshold_0.9	poly	10	82	0.3	17	0.76	0.76	0.73
fluor_class_3D_threshold_0.9	sigmoid	10	82	0.3	17	0.65	0.66	0.65
fluor_class_3D_threshold_1.0	rbf	5	82	0.2	17	0.82	0.82	0.77
fluor_class_3D_threshold_1.0	linear	5	82	0.2	17	0.78	0.79	0.74
fluor_class_3D_threshold_1.0	poly	5	82	0.2	17	0.73	0.73	0.72
fluor_class_3D_threshold_1.0	sigmoid	5	82	0.2	17	0.65	0.65	0.68
fluor_class_3D_threshold_1.0	rbf	5	82	0.25	17	0.82	0.82	0.78
fluor_class_3D_threshold_1.0	linear	5	82	0.25	17	0.78	0.79	0.75
fluor_class_3D_threshold_1.0	poly	5	82	0.25	17	0.73	0.73	0.72
fluor_class_3D_threshold_1.0	sigmoid	5	82	0.25	17	0.64	0.63	0.68
fluor_class_3D_threshold_1.0	rbf	5	82	0.3	17	0.82	0.82	0.78
fluor_class_3D_threshold_1.0	linear	5	82	0.3	17	0.79	0.79	0.75
fluor_class_3D_threshold_1.0	poly	5	82	0.3	17	0.72	0.73	0.71
fluor_class_3D_threshold_1.0	sigmoid	5	82	0.3	17	0.65	0.63	0.66
fluor_class_3D_threshold_1.0	rbf	10	82	0.2	17	0.82	0.82	0.77
fluor_class_3D_threshold_1.0	linear	10	82	0.2	17	0.78	0.79	0.74
fluor_class_3D_threshold_1.0	poly	10	82	0.2	17	0.73	0.73	0.72
fluor_class_3D_threshold_1.0	sigmoid	10	82	0.2	17	0.65	0.64	0.68
fluor_class_3D_threshold_1.0	rbf	10	82	0.25	17	0.82	0.82	0.78
fluor_class_3D_threshold_1.0	linear	10	82	0.25	17	0.78	0.78	0.75
fluor_class_3D_threshold_1.0	poly	10	82	0.25	17	0.73	0.73	0.72
fluor_class_3D_threshold_1.0	sigmoid	10	82	0.25	17	0.64	0.63	0.68
fluor_class_3D_threshold_1.0	rbf	10	82	0.3	17	0.82	0.82	0.78
fluor_class_3D_threshold_1.0	linear	10	82	0.3	17	0.79	0.79	0.75
fluor_class_3D_threshold_1.0	poly	10	82	0.3	17	0.72	0.73	0.71
fluor_class_3D_threshold_1.0	sigmoid	10	82	0.3	17	0.65	0.63	0.66
FRET_fluor_SPR_class_2D_threshold_0.3	rbf	5	82	0.2	17	0.65	0.65	0.64
FRET_fluor_SPR_class_2D_threshold_0.3	rbf	5	82	0.25	17	0.66	0.65	0.63
FRET_fluor_SPR_class_2D_threshold_0.3	rbf	5	82	0.3	17	0.65	0.65	0.64
FRET_fluor_SPR_class_2D_threshold_0.3	rbf	10	82	0.2	17	0.65	0.65	0.64
FRET_fluor_SPR_class_2D_threshold_0.3	rbf	10	82	0.25	17	0.66	0.66	0.63
FRET_fluor_SPR_class_2D_threshold_0.3	rbf	10	82	0.3	17	0.65	0.65	0.64
FRET_fluor_SPR_class_2D_threshold_0.4	rbf	5	82	0.2	17	0.65	0.65	0.63
FRET_fluor_SPR_class_2D_threshold_0.4	rbf	5	82	0.25	17	0.66	0.66	0.63
FRET_fluor_SPR_class_2D_threshold_0.4	rbf	5	82	0.3	17	0.66	0.66	0.64
FRET_fluor_SPR_class_2D_threshold_0.4	rbf	10	82	0.2	17	0.65	0.65	0.63
FRET_fluor_SPR_class_2D_threshold_0.4	rbf	10	82	0.25	17	0.66	0.66	0.63
FRET_fluor_SPR_class_2D_threshold_0.4	rbf	10	82	0.3	17	0.66	0.66	0.64
FRET_fluor_SPR_class_2D_threshold_0.5	rbf	5	82	0.2	17	0.65	0.65	0.63
FRET_fluor_SPR_class_2D_threshold_0.5	rbf	5	82	0.25	17	0.66	0.66	0.63
FRET_fluor_SPR_class_2D_threshold_0.5	rbf	5	82	0.3	17	0.66	0.66	0.64
FRET_fluor_SPR_class_2D_threshold_0.5	rbf	10	82	0.2	17	0.65	0.65	0.63
FRET_fluor_SPR_class_2D_threshold_0.5	rbf	10	82	0.25	17	0.66	0.66	0.63
FRET_fluor_SPR_class_2D_threshold_0.5	rbf	10	82	0.3	17	0.66	0.66	0.64
FRET_fluor_SPR_class_2D_threshold_0.6	rbf	5	82	0.2	17	0.72	0.72	0.69
FRET_fluor_SPR_class_2D_threshold_0.6	poly	5	82	0.2	17	0.61	0.62	0.61
FRET_fluor_SPR_class_2D_threshold_0.6	rbf	5	82	0.25	17	0.73	0.73	0.69
FRET_fluor_SPR_class_2D_threshold_0.6	poly	5	82	0.25	17	0.62	0.63	0.6
FRET_fluor_SPR_class_2D_threshold_0.6	rbf	5	82	0.3	17	0.72	0.73	0.69
FRET_fluor_SPR_class_2D_threshold_0.6	poly	5	82	0.3	17	0.62	0.63	0.6
FRET_fluor_SPR_class_2D_threshold_0.6	rbf	10	82	0.2	17	0.72	0.72	0.69
FRET_fluor_SPR_class_2D_threshold_0.6	poly	10	82	0.2	17	0.61	0.62	0.61
FRET_fluor_SPR_class_2D_threshold_0.6	rbf	10	82	0.25	17	0.73	0.73	0.69
FRET_fluor_SPR_class_2D_threshold_0.6	poly	10	82	0.25	17	0.62	0.63	0.6
FRET_fluor_SPR_class_2D_threshold_0.6	rbf	10	82	0.3	17	0.72	0.73	0.69
FRET_fluor_SPR_class_2D_threshold_0.6	poly	10	82	0.3	17	0.62	0.63	0.6
FRET_fluor_SPR_class_2D_threshold_0.7	rbf	5	82	0.2	17	0.74	0.74	0.73
FRET_fluor_SPR_class_2D_threshold_0.7	poly	5	82	0.2	17	0.62	0.63	0.6
FRET_fluor_SPR_class_2D_threshold_0.7	rbf	5	82	0.25	17	0.74	0.74	0.73
FRET_fluor_SPR_class_2D_threshold_0.7	poly	5	82	0.25	17	0.64	0.64	0.61
FRET_fluor_SPR_class_2D_threshold_0.7	rbf	5	82	0.3	17	0.75	0.75	0.72
FRET_fluor_SPR_class_2D_threshold_0.7	poly	5	82	0.3	17	0.64	0.65	0.6
FRET_fluor_SPR_class_2D_threshold_0.7	rbf	10	82	0.2	17	0.74	0.74	0.73
FRET_fluor_SPR_class_2D_threshold_0.7	poly	10	82	0.2	17	0.62	0.63	0.6
FRET_fluor_SPR_class_2D_threshold_0.7	rbf	10	82	0.25	17	0.74	0.74	0.73
FRET_fluor_SPR_class_2D_threshold_0.7	poly	10	82	0.25	17	0.64	0.64	0.61
FRET_fluor_SPR_class_2D_threshold_0.7	rbf	10	82	0.3	17	0.75	0.75	0.72
FRET_fluor_SPR_class_2D_threshold_0.7	poly	10	82	0.3	17	0.64	0.64	0.6
FRET_fluor_SPR_class_2D_threshold_0.8	rbf	5	82	0.2	17	0.76	0.76	0.72
FRET_fluor_SPR_class_2D_threshold_0.8	linear	5	82	0.2	17	0.61	0.61	0.61
FRET_fluor_SPR_class_2D_threshold_0.8	poly	5	82	0.2	17	0.66	0.67	0.61
FRET_fluor_SPR_class_2D_threshold_0.8	rbf	5	82	0.25	17	0.77	0.77	0.72
FRET_fluor_SPR_class_2D_threshold_0.8	linear	5	82	0.25	17	0.61	0.61	0.61
FRET_fluor_SPR_class_2D_threshold_0.8	poly	5	82	0.25	17	0.67	0.67	0.63
FRET_fluor_SPR_class_2D_threshold_0.8	rbf	5	82	0.3	17	0.77	0.77	0.71
FRET_fluor_SPR_class_2D_threshold_0.8	linear	5	82	0.3	17	0.6	0.61	0.61
FRET_fluor_SPR_class_2D_threshold_0.8	poly	5	82	0.3	17	0.67	0.68	0.63
FRET_fluor_SPR_class_2D_threshold_0.8	rbf	10	82	0.2	17	0.76	0.76	0.72
FRET_fluor_SPR_class_2D_threshold_0.8	linear	10	82	0.2	17	0.61	0.61	0.61
FRET_fluor_SPR_class_2D_threshold_0.8	poly	10	82	0.2	17	0.66	0.66	0.61
FRET_fluor_SPR_class_2D_threshold_0.8	rbf	10	82	0.25	17	0.77	0.77	0.72
FRET_fluor_SPR_class_2D_threshold_0.8	linear	10	82	0.25	17	0.61	0.61	0.61
FRET_fluor_SPR_class_2D_threshold_0.8	poly	10	82	0.25	17	0.67	0.67	0.63
FRET_fluor_SPR_class_2D_threshold_0.8	rbf	10	82	0.3	17	0.77	0.77	0.71
FRET_fluor_SPR_class_2D_threshold_0.8	linear	10	82	0.3	17	0.6	0.61	0.61
FRET_fluor_SPR_class_2D_threshold_0.8	poly	10	82	0.3	17	0.67	0.67	0.63
FRET_fluor_SPR_class_2D_threshold_0.9	rbf	5	82	0.2	17	0.78	0.78	0.74
FRET_fluor_SPR_class_2D_threshold_0.9	linear	5	82	0.2	17	0.66	0.67	0.67
FRET_fluor_SPR_class_2D_threshold_0.9	poly	5	82	0.2	17	0.69	0.69	0.65
FRET_fluor_SPR_class_2D_threshold_0.9	rbf	5	82	0.25	17	0.79	0.79	0.74
FRET_fluor_SPR_class_2D_threshold_0.9	linear	5	82	0.25	17	0.66	0.66	0.68
FRET_fluor_SPR_class_2D_threshold_0.9	poly	5	82	0.25	17	0.7	0.7	0.68
FRET_fluor_SPR_class_2D_threshold_0.9	rbf	5	82	0.3	17	0.78	0.79	0.73
FRET_fluor_SPR_class_2D_threshold_0.9	linear	5	82	0.3	17	0.66	0.66	0.68
FRET_fluor_SPR_class_2D_threshold_0.9	poly	5	82	0.3	17	0.71	0.7	0.66
FRET_fluor_SPR_class_2D_threshold_0.9	rbf	10	82	0.2	17	0.78	0.78	0.74
FRET_fluor_SPR_class_2D_threshold_0.9	linear	10	82	0.2	17	0.66	0.66	0.67
FRET_fluor_SPR_class_2D_threshold_0.9	poly	10	82	0.2	17	0.69	0.69	0.65
FRET_fluor_SPR_class_2D_threshold_0.9	rbf	10	82	0.25	17	0.79	0.79	0.74
FRET_fluor_SPR_class_2D_threshold_0.9	linear	10	82	0.25	17	0.66	0.66	0.68
FRET_fluor_SPR_class_2D_threshold_0.9	poly	10	82	0.25	17	0.7	0.7	0.68
FRET_fluor_SPR_class_2D_threshold_0.9	rbf	10	82	0.3	17	0.78	0.79	0.73
FRET_fluor_SPR_class_2D_threshold_0.9	linear	10	82	0.3	17	0.66	0.66	0.68
FRET_fluor_SPR_class_2D_threshold_0.9	poly	10	82	0.3	17	0.71	0.7	0.66
FRET_fluor_SPR_class_2D_threshold_1.0	rbf	5	82	0.2	17	0.76	0.76	0.76
FRET_fluor_SPR_class_2D_threshold_1.0	linear	5	82	0.2	17	0.68	0.68	0.71
FRET_fluor_SPR_class_2D_threshold_1.0	poly	5	82	0.2	17	0.67	0.66	0.64
FRET_fluor_SPR_class_2D_threshold_1.0	rbf	5	82	0.25	17	0.77	0.77	0.74
FRET_fluor_SPR_class_2D_threshold_1.0	linear	5	82	0.25	17	0.68	0.68	0.7
FRET_fluor_SPR_class_2D_threshold_1.0	poly	5	82	0.25	17	0.67	0.67	0.64
FRET_fluor_SPR_class_2D_threshold_1.0	rbf	5	82	0.3	17	0.76	0.76	0.74
FRET_fluor_SPR_class_2D_threshold_1.0	linear	5	82	0.3	17	0.67	0.67	0.72
FRET_fluor_SPR_class_2D_threshold_1.0	poly	5	82	0.3	17	0.67	0.67	0.64
FRET_fluor_SPR_class_2D_threshold_1.0	rbf	10	82	0.2	17	0.76	0.76	0.76
FRET_fluor_SPR_class_2D_threshold_1.0	linear	10	82	0.2	17	0.68	0.68	0.71
FRET_fluor_SPR_class_2D_threshold_1.0	poly	10	82	0.2	17	0.67	0.66	0.64
FRET_fluor_SPR_class_2D_threshold_1.0	rbf	10	82	0.25	17	0.77	0.77	0.74
FRET_fluor_SPR_class_2D_threshold_1.0	linear	10	82	0.25	17	0.68	0.68	0.7
FRET_fluor_SPR_class_2D_threshold_1.0	poly	10	82	0.25	17	0.67	0.67	0.64
FRET_fluor_SPR_class_2D_threshold_1.0	rbf	10	82	0.3	17	0.76	0.76	0.74
FRET_fluor_SPR_class_2D_threshold_1.0	linear	10	82	0.3	17	0.67	0.68	0.72
FRET_fluor_SPR_class_2D_threshold_1.0	poly	10	82	0.3	17	0.67	0.67	0.64
FRET_fluor_SPR_class_3D_threshold_0.3	rbf	5	82	0.2	17	0.65	0.65	0.64
FRET_fluor_SPR_class_3D_threshold_0.3	rbf	5	82	0.25	17	0.66	0.66	0.63
FRET_fluor_SPR_class_3D_threshold_0.3	rbf	5	82	0.3	17	0.65	0.65	0.64
FRET_fluor_SPR_class_3D_threshold_0.3	rbf	10	82	0.2	17	0.65	0.65	0.64
FRET_fluor_SPR_class_3D_threshold_0.3	rbf	10	82	0.25	17	0.66	0.66	0.63
FRET_fluor_SPR_class_3D_threshold_0.3	rbf	10	82	0.3	17	0.65	0.65	0.64
FRET_fluor_SPR_class_3D_threshold_0.4	rbf	5	82	0.2	17	0.65	0.65	0.62
FRET_fluor_SPR_class_3D_threshold_0.4	rbf	5	82	0.25	17	0.66	0.66	0.63
FRET_fluor_SPR_class_3D_threshold_0.4	rbf	5	82	0.3	17	0.66	0.66	0.64
FRET_fluor_SPR_class_3D_threshold_0.4	rbf	10	82	0.2	17	0.65	0.65	0.62
FRET_fluor_SPR_class_3D_threshold_0.4	rbf	10	82	0.25	17	0.66	0.66	0.63
FRET_fluor_SPR_class_3D_threshold_0.4	rbf	10	82	0.3	17	0.66	0.66	0.64
FRET_fluor_SPR_class_3D_threshold_0.5	rbf	5	82	0.2	17	0.66	0.66	0.64
FRET_fluor_SPR_class_3D_threshold_0.5	rbf	5	82	0.25	17	0.65	0.66	0.64
FRET_fluor_SPR_class_3D_threshold_0.5	poly	5	82	0.25	17	0.6	0.6	0.57
FRET_fluor_SPR_class_3D_threshold_0.5	rbf	5	82	0.3	17	0.66	0.66	0.64
FRET_fluor_SPR_class_3D_threshold_0.5	poly	5	82	0.3	17	0.6	0.6	0.57
FRET_fluor_SPR_class_3D_threshold_0.5	rbf	10	82	0.2	17	0.66	0.66	0.64
FRET_fluor_SPR_class_3D_threshold_0.5	rbf	10	82	0.25	17	0.65	0.66	0.64
FRET_fluor_SPR_class_3D_threshold_0.5	poly	10	82	0.25	17	0.6	0.6	0.57
FRET_fluor_SPR_class_3D_threshold_0.5	rbf	10	82	0.3	17	0.66	0.67	0.64
FRET_fluor_SPR_class_3D_threshold_0.6	rbf	5	82	0.2	17	0.74	0.74	0.67
FRET_fluor_SPR_class_3D_threshold_0.6	linear	5	82	0.2	17	0.61	0.61	0.61
FRET_fluor_SPR_class_3D_threshold_0.6	poly	5	82	0.2	17	0.65	0.65	0.58
FRET_fluor_SPR_class_3D_threshold_0.6	rbf	5	82	0.25	17	0.75	0.74	0.69
FRET_fluor_SPR_class_3D_threshold_0.6	linear	5	82	0.25	17	0.62	0.62	0.59
FRET_fluor_SPR_class_3D_threshold_0.6	poly	5	82	0.25	17	0.66	0.67	0.6
FRET_fluor_SPR_class_3D_threshold_0.6	rbf	5	82	0.3	17	0.75	0.75	0.69
FRET_fluor_SPR_class_3D_threshold_0.6	linear	5	82	0.3	17	0.62	0.61	0.6
FRET_fluor_SPR_class_3D_threshold_0.6	poly	5	82	0.3	17	0.66	0.66	0.61
FRET_fluor_SPR_class_3D_threshold_0.6	rbf	10	82	0.2	17	0.74	0.74	0.67
FRET_fluor_SPR_class_3D_threshold_0.6	linear	10	82	0.2	17	0.61	0.61	0.61
FRET_fluor_SPR_class_3D_threshold_0.6	poly	10	82	0.2	17	0.65	0.65	0.58
FRET_fluor_SPR_class_3D_threshold_0.6	rbf	10	82	0.25	17	0.75	0.75	0.69
FRET_fluor_SPR_class_3D_threshold_0.6	linear	10	82	0.25	17	0.62	0.62	0.59
FRET_fluor_SPR_class_3D_threshold_0.6	poly	10	82	0.25	17	0.66	0.66	0.6
FRET_fluor_SPR_class_3D_threshold_0.6	rbf	10	82	0.3	17	0.75	0.75	0.69
FRET_fluor_SPR_class_3D_threshold_0.6	linear	10	82	0.3	17	0.62	0.62	0.6
FRET_fluor_SPR_class_3D_threshold_0.6	poly	10	82	0.3	17	0.66	0.66	0.61
FRET_fluor_SPR_class_3D_threshold_0.7	rbf	5	82	0.2	17	0.74	0.75	0.72
FRET_fluor_SPR_class_3D_threshold_0.7	linear	5	82	0.2	17	0.62	0.62	0.61
FRET_fluor_SPR_class_3D_threshold_0.7	poly	5	82	0.2	17	0.67	0.67	0.61
FRET_fluor_SPR_class_3D_threshold_0.7	rbf	5	82	0.25	17	0.75	0.75	0.72
FRET_fluor_SPR_class_3D_threshold_0.7	linear	5	82	0.25	17	0.63	0.62	0.59
FRET_fluor_SPR_class_3D_threshold_0.7	poly	5	82	0.25	17	0.68	0.68	0.62
FRET_fluor_SPR_class_3D_threshold_0.7	rbf	5	82	0.3	17	0.75	0.75	0.72
FRET_fluor_SPR_class_3D_threshold_0.7	linear	5	82	0.3	17	0.62	0.62	0.61
FRET_fluor_SPR_class_3D_threshold_0.7	poly	5	82	0.3	17	0.68	0.68	0.62
FRET_fluor_SPR_class_3D_threshold_0.7	rbf	10	82	0.2	17	0.74	0.75	0.72
FRET_fluor_SPR_class_3D_threshold_0.7	linear	10	82	0.2	17	0.62	0.62	0.61
FRET_fluor_SPR_class_3D_threshold_0.7	poly	10	82	0.2	17	0.67	0.67	0.61
FRET_fluor_SPR_class_3D_threshold_0.7	rbf	10	82	0.25	17	0.75	0.75	0.72
FRET_fluor_SPR_class_3D_threshold_0.7	linear	10	82	0.25	17	0.63	0.62	0.59
FRET_fluor_SPR_class_3D_threshold_0.7	poly	10	82	0.25	17	0.68	0.68	0.62
FRET_fluor_SPR_class_3D_threshold_0.7	rbf	10	82	0.3	17	0.75	0.75	0.72
FRET_fluor_SPR_class_3D_threshold_0.7	linear	10	82	0.3	17	0.62	0.62	0.61
FRET_fluor_SPR_class_3D_threshold_0.7	poly	10	82	0.3	17	0.68	0.68	0.62
FRET_fluor_SPR_class_3D_threshold_0.8	rbf	5	82	0.2	17	0.77	0.77	0.71
FRET_fluor_SPR_class_3D_threshold_0.8	linear	5	82	0.2	17	0.63	0.64	0.64
FRET_fluor_SPR_class_3D_threshold_0.8	poly	5	82	0.2	17	0.68	0.69	0.63
FRET_fluor_SPR_class_3D_threshold_0.8	rbf	5	82	0.25	17	0.78	0.77	0.72
FRET_fluor_SPR_class_3D_threshold_0.8	linear	5	82	0.25	17	0.63	0.64	0.64
FRET_fluor_SPR_class_3D_threshold_0.8	poly	5	82	0.25	17	0.7	0.7	0.64
FRET_fluor_SPR_class_3D_threshold_0.8	rbf	5	82	0.3	17	0.77	0.77	0.72
FRET_fluor_SPR_class_3D_threshold_0.8	linear	5	82	0.3	17	0.62	0.63	0.64
FRET_fluor_SPR_class_3D_threshold_0.8	poly	5	82	0.3	17	0.71	0.7	0.64
FRET_fluor_SPR_class_3D_threshold_0.8	rbf	10	82	0.2	17	0.77	0.77	0.71
FRET_fluor_SPR_class_3D_threshold_0.8	linear	10	82	0.2	17	0.63	0.64	0.64
FRET_fluor_SPR_class_3D_threshold_0.8	poly	10	82	0.2	17	0.68	0.69	0.63
FRET_fluor_SPR_class_3D_threshold_0.8	rbf	10	82	0.25	17	0.78	0.77	0.72
FRET_fluor_SPR_class_3D_threshold_0.8	linear	10	82	0.25	17	0.63	0.63	0.64
FRET_fluor_SPR_class_3D_threshold_0.8	poly	10	82	0.25	17	0.7	0.7	0.64
FRET_fluor_SPR_class_3D_threshold_0.8	rbf	10	82	0.3	17	0.77	0.77	0.72
FRET_fluor_SPR_class_3D_threshold_0.8	linear	10	82	0.3	17	0.62	0.63	0.64
FRET_fluor_SPR_class_3D_threshold_0.8	poly	10	82	0.3	17	0.71	0.7	0.64
FRET_fluor_SPR_class_3D_threshold_0.9	rbf	5	82	0.2	17	0.79	0.79	0.72
FRET_fluor_SPR_class_3D_threshold_0.9	linear	5	82	0.2	17	0.68	0.69	0.7
FRET_fluor_SPR_class_3D_threshold_0.9	poly	5	82	0.2	17	0.72	0.72	0.66
FRET_fluor_SPR_class_3D_threshold_0.9	rbf	5	82	0.25	17	0.79	0.79	0.74
FRET_fluor_SPR_class_3D_threshold_0.9	linear	5	82	0.25	17	0.68	0.68	0.7
FRET_fluor_SPR_class_3D_threshold_0.9	poly	5	82	0.25	17	0.73	0.73	0.67
FRET_fluor_SPR_class_3D_threshold_0.9	rbf	5	82	0.3	17	0.79	0.79	0.74
FRET_fluor_SPR_class_3D_threshold_0.9	linear	5	82	0.3	17	0.68	0.68	0.71
FRET_fluor_SPR_class_3D_threshold_0.9	poly	5	82	0.3	17	0.72	0.73	0.66
FRET_fluor_SPR_class_3D_threshold_0.9	rbf	10	82	0.2	17	0.79	0.79	0.72
FRET_fluor_SPR_class_3D_threshold_0.9	linear	10	82	0.2	17	0.68	0.69	0.7
FRET_fluor_SPR_class_3D_threshold_0.9	poly	10	82	0.2	17	0.72	0.72	0.66
FRET_fluor_SPR_class_3D_threshold_0.9	rbf	10	82	0.25	17	0.79	0.79	0.74
FRET_fluor_SPR_class_3D_threshold_0.9	linear	10	82	0.25	17	0.68	0.68	0.7
FRET_fluor_SPR_class_3D_threshold_0.9	poly	10	82	0.25	17	0.73	0.73	0.67
FRET_fluor_SPR_class_3D_threshold_0.9	rbf	10	82	0.3	17	0.79	0.79	0.74
FRET_fluor_SPR_class_3D_threshold_0.9	linear	10	82	0.3	17	0.68	0.68	0.71
FRET_fluor_SPR_class_3D_threshold_0.9	poly	10	82	0.3	17	0.72	0.73	0.66
FRET_fluor_SPR_class_3D_threshold_1.0	rbf	5	82	0.2	17	0.77	0.77	0.76
FRET_fluor_SPR_class_3D_threshold_1.0	linear	5	82	0.2	17	0.7	0.7	0.72
FRET_fluor_SPR_class_3D_threshold_1.0	poly	5	82	0.2	17	0.69	0.68	0.65
FRET_fluor_SPR_class_3D_threshold_1.0	rbf	5	82	0.25	17	0.78	0.77	0.74
FRET_fluor_SPR_class_3D_threshold_1.0	linear	5	82	0.25	17	0.7	0.7	0.71
FRET_fluor_SPR_class_3D_threshold_1.0	poly	5	82	0.25	17	0.69	0.68	0.66
FRET_fluor_SPR_class_3D_threshold_1.0	rbf	5	82	0.3	17	0.77	0.77	0.74
FRET_fluor_SPR_class_3D_threshold_1.0	linear	5	82	0.3	17	0.7	0.7	0.72
FRET_fluor_SPR_class_3D_threshold_1.0	poly	5	82	0.3	17	0.69	0.68	0.66
FRET_fluor_SPR_class_3D_threshold_1.0	rbf	10	82	0.2	17	0.77	0.77	0.76
FRET_fluor_SPR_class_3D_threshold_1.0	linear	10	82	0.2	17	0.7	0.7	0.72
FRET_fluor_SPR_class_3D_threshold_1.0	poly	10	82	0.2	17	0.69	0.68	0.65
FRET_fluor_SPR_class_3D_threshold_1.0	rbf	10	82	0.25	17	0.78	0.77	0.74
FRET_fluor_SPR_class_3D_threshold_1.0	linear	10	82	0.25	17	0.7	0.7	0.71
FRET_fluor_SPR_class_3D_threshold_1.0	poly	10	82	0.25	17	0.69	0.69	0.66
FRET_fluor_SPR_class_3D_threshold_1.0	rbf	10	82	0.3	17	0.77	0.77	0.74
FRET_fluor_SPR_class_3D_threshold_1.0	linear	10	82	0.3	17	0.7	0.7	0.72
FRET_fluor_SPR_class_3D_threshold_1.0	poly	10	82	0.3	17	0.69	0.69	0.66
