SMILES	name	name_article	IC50_uM	KD_uM	Ki_uM	hit_selection	conc_Mpro_nM	conc_subst_uM	detergent	doi_article	assay_type	cell_type	EC50_uM	KM_pred_uM	Ki_KD_mean	IC50_conv	pIC50_value	EC50_conv	pEC50	pIC50_mean	pEC50_mean	pIC50_updated	pEC50_updated	pIC50_class
FC(F)(F)c1cccc(C(F)(F)F)c1C(=O)OCC(=O)[C@H](C[C@@H](C2=O)CCCN2)NC(=O)[C@H](CC(C)C)NC(=O)c(c3)[nH]c(c34)cccc4OC	15H	15H	0.001			yes	80.0	100.0	DMSO	10.1021/acs.jmedchem.1c00616	FRET	Vero	0.16	24.0		0.001	9.0	0.16	6.795880017344075	9.0	6.795880017344075	9.0	6.795880017344075	active
c1ncccc1C(=O)OCC(=O)[C@H](C[C@@H](C2=O)CCCN2)NC(=O)[C@H](CC(C)C)NC(=O)c(c3)[nH]c(c34)cccc4OC	15J	15J	0.004			yes	80.0	100.0	DMSO	10.1021/acs.jmedchem.1c00616	FRET	Vero	10	24.0		0.004	8.397940008672037	10.0	5.0	8.397940008672037	5.0	8.397940008672037	5.0	active
N1CC[C@H](C1=O)C[C@@H](C(=O)CO)NC(=O)[C@H](CC(C)C)NC(=O)c(c2)[nH]c(c23)cccc3OC	PF-00835231	PF-00835231	0.0057			yes	3.0	10.0	DMSO	10.1016/j.antiviral.2021.105020	FRET			40.87		0.0057	8.244125144327509			8.244125144327509		8.244125144327509		active
Clc1cccc(Cl)c1C(=O)OCC(=O)[C@H](C[C@@H](C2=O)CCCN2)NC(=O)[C@H](CC(C)C)NC(=O)c(c3)[nH]c(c34)cccc4OC	15G	15G	0.0064			yes	80.0	100.0	DMSO	10.1021/acs.jmedchem.1c00616	FRET	Vero	0.52	24.0		0.0064	8.193820026016112	0.52	6.2839966563652006	8.193820026016112	6.2839966563652006	8.193820026016112	6.2839966563652006	active
O1CCCOC1(C)C(=O)OCC(=O)[C@H](C[C@@H](C2=O)CCCN2)NC(=O)[C@H](CC(C)C)NC(=O)c(c3)[nH]c(c34)cccc4OC	15D	15D	0.0125			yes	80.0	100.0	DMSO	10.1021/acs.jmedchem.1c00616	FRET	Vero	10	24.0		0.0125	7.903089986991944	10.0	5.0	7.903089986991944	5.0	7.903089986991944	5.0	active
Cn(n1)cnc1Cn(c(=O)[nH]2)c(=O)n(Cc3c(F)cc(F)c(F)c3)/c2=N/c(c4)c(Cl)cc(c45)nn(C)c5	DB18834	ENSITRELVIR	0.013			yes	6.0	8.0	DMSO	10.1021/acs.jmedchem.2c00117	FRET	Vero	0.37	40.87		0.013	7.886056647693163	0.37	6.431798275933005	7.886056647693163	6.431798275933005	7.886056647693163	6.431798275933005	active
Cc1nc(C)cc(C(F)(F)F)c1C(=O)OCC(=O)[C@H](C[C@@H](C2=O)CCCN2)NC(=O)[C@H](CC(C)C)NC(=O)c(c3)[nH]c(c34)cccc4OC	15M	15M	0.014			yes	80.0	100.0	DMSO	10.1021/acs.jmedchem.1c00616	FRET	Vero	0.47	24.0		0.014	7.853871964321762	0.47	6.327902142064283	7.853871964321762	6.327902142064283	7.853871964321762	6.327902142064283	active
Cc1nc(C)cc(C(F)(F)F)c1C(=O)OCC(=O)[C@H](C[C@@H](C2=O)CCN2)NC(=O)[C@H](CC(C)C)NC(=O)c(c3)[nH]c(c34)cccc4OC	16M	16M	0.017			yes	80.0	100.0	DMSO	10.1021/acs.jmedchem.1c00616	FRET	Vero	0.28	24.0		0.017	7.769551078621726	0.28	6.552841968657781	7.769551078621726	6.552841968657781	7.769551078621726	6.552841968657781	active
Cc1nc(C)cc(C)c1C(=O)OCC(=O)[C@H](C[C@@H](C2=O)CCCN2)NC(=O)[C@H](CC(C)C)NC(=O)c(c3)[nH]c(c34)cccc4OC	15L	15L	0.019			yes	80.0	100.0	DMSO	10.1021/acs.jmedchem.1c00616	FRET	Vero	0.3	24.0		0.019	7.721246399047171	0.3	6.522878745280337	7.721246399047171	6.522878745280337	7.721246399047171	6.522878745280337	active
N1CCC[C@H](C1=O)C[C@@H](C(=O)CO)NC(=O)[C@H](CC(C)C)NC(=O)c(c2)[nH]c(c23)cccc3OC	5	5	0.0195			yes	80.0	100.0	DMSO	10.1021/acs.jmedchem.1c00616	FRET	Vero	10.1	24.0		0.0195	7.709965388637482	10.1	4.995678626217358	7.709965388637482	4.995678626217358	7.709965388637482	4.995678626217358	active
FC(F)(F)C(C)(C)C(=O)OCC(=O)[C@H](C[C@@H](C1=O)CCCN1)NC(=O)[C@H](CC(C)C)NC(=O)c(c2)[nH]c(c23)cccc3OC	15C	15C	0.02			yes	80.0	100.0	DMSO	10.1021/acs.jmedchem.1c00616	FRET	Vero	5	24.0		0.02	7.698970004336019	5.0	5.301029995663981	7.698970004336019	5.301029995663981	7.698970004336019	5.301029995663981	active
c1ccccc1[C@H](C)NC(=O)[C@@H](c2cccnc2)N(C(=O)c3ccco3)c(cc4)ccc4-c5ccccc5	23R	23R	0.02	9.43	0.07	yes	5.3	20.0	DMSO	10.1021/acs.jmedchem.1c00509	FRET	Vero	1.27	75.41	4.75	0.02	7.698970004336019	1.27	5.896196279044043	7.698970004336019	5.896196279044043	7.698970004336019	5.896196279044043	active
N#CC(C)(C)C(=O)OCC(=O)[C@H](C[C@@H](C1=O)CCCN1)NC(=O)[C@H](CC(C)C)NC(=O)c(c2)[nH]c(c23)cccc3OC	15B	15B	0.0219			yes	80.0	100.0	DMSO	10.1021/acs.jmedchem.1c00616	FRET	Vero	10	24.0		0.0219	7.6595558851598815	10.0	5.0	7.6595558851598815	5.0	7.6595558851598815	5.0	active
Cc1nc(C)nc(C)c1C(=O)OCC(=O)[C@H](C[C@@H](C2=O)CCCN2)NC(=O)[C@H](CC(C)C)NC(=O)c(c3)[nH]c(c34)cccc4OC	15N	15N	0.0221			yes	80.0	100.0	DMSO	10.1021/acs.jmedchem.1c00616	FRET	Vero	2.8	24.0		0.0221	7.655607726314889	2.8	5.552841968657781	7.655607726314889	5.552841968657781	7.655607726314889	5.552841968657781	active
c1cccc(c12)[se]n(c2=O)-c3ccccc3	SPE_K29359156	EBSELEN	0.031			yes	100.0	10.0	DMSO	10.1038/s41598-023-35907-w	FRET	Vero	34	40.87		0.031	7.508638306165728	34.0	4.468521082957745	7.508638306165728	4.468521082957745	7.508638306165728	4.468521082957745	active
c1cnccc1C(=O)OCC(=O)[C@H](C[C@@H](C2=O)CCCN2)NC(=O)[C@H](CC(C)C)NC(=O)c(c3)[nH]c(c34)cccc4OC	15K	15K	0.0329			yes	80.0	100.0	DMSO	10.1021/acs.jmedchem.1c00616	FRET	Vero	10	24.0		0.0329	7.482804102050026	10.0	5.0	7.482804102050026	5.0	7.482804102050026	5.0	active
N1CC[C@H](C1=O)C[C@@H](C=O)NC(=O)[C@H](Cc2cc(F)ccc2)NC(=O)c(c3)[nH]c(c34)cccc4	11B	11B	0.04			yes					FRET		0.7	40.87		0.04	7.3979400086720375	0.7	6.154901959985743			7.3979400086720375	6.154901959985743	active
N1CC[C@H](C1=O)C[C@@H](C=O)NC(=O)[C@H](CC2CCCCC2)NC(=O)c(c3)[nH]c(c34)cccc4	11A	11A	0.05			yes					FRET		0.5	40.87		0.05	7.301029995663981	0.5	6.301029995663981			7.301029995663981	6.301029995663981	active
c1cccc(c12)n(nn2)CC(=O)N(Cc3ccsc3)c(cc4)ccc4-c5c[nH]cn5	21	21	0.06			yes	200.0	2.0	DMSO	10.1021/acs.jmedchem.1c00598	FRET	Vero	1.74	40.87		0.06	7.221848749616356	1.74	5.7594507517174005	7.221848749616356	5.7594507517174005	7.221848749616356	5.7594507517174005	active
c1ccccc1C(=O)OCC(=O)[C@H](C[C@@H](C2=O)CCCN2)NC(=O)[C@H](CC(C)C)NC(=O)c(c3)[nH]c(c34)cccc4OC	15F	15F	0.0635			yes	80.0	100.0	DMSO	10.1021/acs.jmedchem.1c00616	FRET	Vero	10	24.0		0.0635	7.197226274708024	10.0	5.0	7.197226274708024	5.0	7.197226274708024	5.0	active
CC(C)(C)C(=O)OCC(=O)[C@H](C[C@@H](C1=O)CCCN1)NC(=O)[C@H](CC(C)C)NC(=O)c(c2)[nH]c(c23)cccc3OC	15A	15A	0.0641			yes	80.0	100.0	DMSO	10.1021/acs.jmedchem.1c00616	FRET	Vero	10	24.0		0.0641	7.193141970481182	10.0	5.0	7.193141970481182	5.0	7.193141970481182	5.0	active
c1cccc(c12)n(nn2)CC(=O)N(Cc3cc(Cl)ccc3)c(cc4)ccc4-c5c[nH]cn5	41	41	0.068			yes	200.0	2.0	DMSO	10.1021/acs.jmedchem.1c00598	FRET	Vero	0.5	40.87		0.068	7.167491087293763	0.5	6.301029995663981	7.167491087293763	6.301029995663981	7.167491087293763	6.301029995663981	active
Cc1n(C)nc(C)c1C(=O)OCC(=O)[C@H](C[C@@H](C2=O)CCCN2)NC(=O)[C@H](CC(C)C)NC(=O)c(c3)[nH]c(c34)cccc4OC	15O	15O	0.0715			yes	80.0	100.0	DMSO	10.1021/acs.jmedchem.1c00616	FRET	Vero	10	24.0		0.0715	7.14569395819892	10.0	5.0	7.14569395819892	5.0	7.14569395819892	5.0	active
C1CCCCC1(C(F)(F)F)C(=O)OCC(=O)[C@H](C[C@@H](C2=O)CCCN2)NC(=O)[C@H](CC(C)C)NC(=O)c(c3)[nH]c(c34)cccc4OC	15E	15E	0.0863			yes	80.0	100.0	DMSO	10.1021/acs.jmedchem.1c00616	FRET	Vero	0.6	24.0		0.0863	7.06398920428479	0.6	6.221848749616356	7.06398920428479	6.221848749616356	7.06398920428479	6.221848749616356	active
c1c(F)c(F)c(F)cc1Cn(c(=O)n(c(=O)[nH]2)CC(=O)NC)/c2=N/c(c3)c(Cl)cc(c34)nn(C)c4	2	2	0.096			yes	6.0	8.0	DMSO	10.1021/acs.jmedchem.2c00117	FRET	Vero	12.5	40.87		0.096	7.017728766960432	12.5	4.903089986991944	7.017728766960432	4.903089986991944	7.017728766960432	4.903089986991944	active
c1ccccc1Cn(c2=O)c(=O)sn2-c3cccc(c34)cccc4	DOM_SIM_153	TIDEGLUSIB 	0.1			yes	60.0	15.0	DMSO	10.1021/acsptsci.0c00216	FRET	Vero		40.87		0.1	7.0			7.0		7.0		active
Cn1sc(=O)n(c1=O)Cc2ccccc2	EOS101047	TDZD-8	0.1			yes	60.0	15.0	DMSO	10.1021/acsptsci.0c00216	FRET	Vero		40.87		0.1	7.0			7.0		7.0		active
OCC(N)C(=O)NNCc1c(O)c(O)c(O)cc1	EOS100736	BENSERAZIDE HYDROCHLORIDE	0.1			yes	60.0	15.0	DMSO	10.1021/acsptsci.0c00216	FRET	Vero		40.87		0.1	7.0			7.0		7.0		active
[O-][N+](=O)c1ccc(c(c12)non2)Sc3cccc[n+]3[O-]	EOS100077	NSC228155	0.1			yes	60.0	15.0	DMSO	10.1021/acsptsci.0c00216	FRET	Vero		40.87		0.1	7.0			7.0		7.0		active
CN(C)C(=S)SSC(=S)N(C)C	SPE_K29254801	THIRAM	0.1			yes	60.0	15.0	DMSO	10.1021/acsptsci.0c00216	FRET	Vero		40.87		0.1	7.0			7.0		7.0		active
CCC(C)SSc1ncc[nH]1	SPE_A56592690	PX-12	0.1			yes	60.0	15.0	DMSO	10.1021/acsptsci.0c00216	FRET	Vero		40.87		0.1	7.0			7.0		7.0		active
Sc1cccc[n+]1[O-]	EOS101921	PYRITHIONE	0.1			yes	60.0	15.0	DMSO	10.1021/acsptsci.0c00216	FRET	Vero		40.87		0.1	7.0			7.0		7.0		active
c1cccc(c12)n(nn2)CC(=O)N(Cc3ccsc3)c(cc4)ccc4-c5cn[nH]c5	19	19	0.11			yes	200.0	2.0	DMSO	10.1021/acs.jmedchem.1c00598	FRET	Vero	5.76	40.87		0.11	6.958607314841775	5.76	5.239577516576788	6.958607314841775	5.239577516576788	6.958607314841775	5.239577516576788	active
c1cccc(c12)n(nn2)CC(=O)N(Cc3cc(F)cc(Cl)c3)c(cc4)ccc4-c5cccnc5	31	31	0.119			yes	200.0	2.0	DMSO	10.1021/acs.jmedchem.1c00598	FRET	Vero		40.87		0.119	6.924453038607469			6.924453038607469		6.924453038607469		active
n1ccccc1C(=O)OCC(=O)[C@H](C[C@@H](C2=O)CCCN2)NC(=O)[C@H](CC(C)C)NC(=O)c(c3)[nH]c(c34)cccc4OC	15I	15I	0.1255			yes	80.0	100.0	DMSO	10.1021/acs.jmedchem.1c00616	FRET	Vero	10	24.0		0.1255	6.901356274182943	10.0	5.0	6.901356274182943	5.0	6.901356274182943	5.0	active
Clc1c(Cl)ccc(c1)N2CCN(C(=O)c3c(OC)ccnc3)C[C@H]2C(=O)NCc4cccs4	GC-67HCL	GC-67HCL	0.17			yes	1500.0	500.0	DMSO	10.1021/acs.jmedchem.3c01876	FRET	Vero	0.53	24.0		0.17	6.769551078621726	0.53	6.275724130399211	6.769551078621726	6.275724130399211	6.769551078621726	6.275724130399211	active
c1cccc(c12)n(nn2)CC(=O)N(Cc3cc(Cl)ccc3)c(nc4)ccc4-c5cn[nH]c5	40	40	0.171			yes	200.0	2.0	DMSO	10.1021/acs.jmedchem.1c00598	FRET	Vero	1.91	40.87		0.171	6.767003889607846	1.91	5.718966632752273	6.767003889607846	5.718966632752273	6.767003889607846	5.718966632752273	active
c1cccc(c12)n(nn2)CC(=O)N(Cc3cc(Cl)cc(Cl)c3)c(cc4)ccc4-c5cccnc5	32	32	0.176			yes	200.0	2.0	DMSO	10.1021/acs.jmedchem.1c00598	FRET	Vero		40.87		0.176	6.7544873321858505			6.7544873321858505		6.7544873321858505		active
Clc1c(Cl)ccc(c1)N2CCN(C(=O)c3c(OC)ccnc3)C[C@H]2C(=O)Nc4ccc(cc4)OC	GC-78HCL	GC-78HCL	0.19			yes	1500.0	500.0	DMSO	10.1021/acs.jmedchem.3c01876	FRET	Vero	0.4	24.0		0.19	6.721246399047171	0.4	6.3979400086720375	6.721246399047171	6.3979400086720375	6.721246399047171	6.3979400086720375	active
c1cccc(c12)n(nn2)CC(=O)N(Cc3cc(Cl)ccc3)c(cc4)c(OC)cc4-c5cn[nH]c5	38	38	0.197			yes	200.0	2.0	DMSO	10.1021/acs.jmedchem.1c00598	FRET	Vero	2.3	40.87		0.197	6.7055337738384075	2.3	5.638272163982407	6.7055337738384075	5.638272163982407	6.7055337738384075	5.638272163982407	active
c1cc(F)ccc1Cn(c2=O)c(=O)sn2-c(cc3)ccc3C	SPE_K08893438	CCG 50014	0.2			yes	60.0	15.0	DMSO	10.1021/acsptsci.0c00216	FRET	Vero		40.87		0.2	6.698970004336019			6.698970004336019		6.698970004336019		active
CCOC(=O)Cc1ccc(cc1)-c2ccccc2	DOM_SIM_505	FELBINAC ETHYL	0.2			yes	60.0	15.0	DMSO	10.1021/acsptsci.0c00216	FRET	Vero		40.87		0.2	6.698970004336019			6.698970004336019		6.698970004336019		active
c1cccc(c12)sc(n2)SSc(n3)sc(c34)cccc4	EOS102056	BENZOTHIAZYL DISULFIDE	0.2			yes	60.0	15.0	DMSO	10.1021/acsptsci.0c00216	FRET	Vero		40.87		0.2	6.698970004336019			6.698970004336019		6.698970004336019		active
ClCC(=O)c1ccccc1	EOS101983	PHENACYL CHLORIDE	0.2			yes	60.0	15.0	DMSO	10.1021/acsptsci.0c00216	FRET	Vero		40.87		0.2	6.698970004336019			6.698970004336019		6.698970004336019		active
S=c1ssc(c1C)-c2cnccn2	DOM_SIM_077	OLTIPRAZ 	0.2			yes	60.0	15.0	DMSO	10.1021/acsptsci.0c00216	FRET	Vero		40.87		0.2	6.698970004336019			6.698970004336019		6.698970004336019		active
Fc1c(=O)[nH]c(=O)n(c1)C(=O)NCCCCCC	EOS100344	CARMOFUR	0.2			yes	60.0	15.0	DMSO	10.1021/acsptsci.0c00216	FRET	Vero		40.87		0.2	6.698970004336019			6.698970004336019		6.698970004336019		active
Oc1cc(O)cc(c12)O[C@@H]([C@H](C2=O)O)c(cc3O)cc(O)c3O	SPE_K01614093	DIHYDROMYRICETIN	0.2			yes	60.0	15.0	DMSO	10.1021/acsptsci.0c00216	FRET	Vero		40.87		0.2	6.698970004336019			6.698970004336019		6.698970004336019		active
c1cc(Br)cc(c12)C=CC(=O)C2=O	SPE_K34149328	BONAPHTHONE	0.2			yes	60.0	15.0	DMSO	10.1021/acsptsci.0c00216	FRET	Vero		40.87		0.2	6.698970004336019			6.698970004336019		6.698970004336019		active
c1cccc(c1C(=O)O)-c2c(cc(Br)c(=O)c3)c3oc(c24)c([Hg]O)c(O)c(Br)c4	SPE_K21771665	MERBROMIN	0.2			yes	60.0	15.0	DMSO	10.1021/acsptsci.0c00216	FRET	Vero		40.87		0.2	6.698970004336019			6.698970004336019		6.698970004336019		active
O=C(O)c1ccc(nc1)SSc(nc2)ccc2C(=O)O	SPE_K26530649	CARBOXYPYRIDINE	0.2			yes	60.0	15.0	DMSO	10.1021/acsptsci.0c00216	FRET	Vero		40.87		0.2	6.698970004336019			6.698970004336019		6.698970004336019		active
CC(=O)OC[C@@H]1[C@@H](OC(=O)C)[C@H](OC(=O)C)[C@@H](OC(=O)C)[C@@H](O1)[SH-][Au+]P(CC)(CC)CC	SPE_A28431708	AURANOFIN	0.2			yes	60.0	15.0	DMSO	10.1021/acsptsci.0c00216	FRET	Vero		40.87		0.2	6.698970004336019			6.698970004336019		6.698970004336019		active
S=C(S)N1CCCC1	SPE_K80970344	PYRROLIDINE-DITHIOCARBAMATE	0.2			no	60.0	15.0	DMSO	10.1021/acsptsci.0c00216	FRET	Vero		40.87		0.2	6.698970004336019			6.698970004336019		6.698970004336019		active
c1c(O)c(O)cc(C2)c1[C@@H]([C@@]23O)c4c(OC3)c(O)c(O)cc4	SPE_K78342372	HEMATOXYLIN	0.2			no	60.0	15.0	DMSO	10.1021/acsptsci.0c00216	FRET	Vero		40.87		0.2	6.698970004336019			6.698970004336019		6.698970004336019		active
CCN(CC)C(=S)SSC(=S)N(CC)CC	SPE_K32744045	DISULFIRAM	0.2			yes	60.0	15.0	DMSO	10.1021/acsptsci.0c00216	FRET	Vero		40.87		0.2	6.698970004336019			6.698970004336019		6.698970004336019		active
O=C1C=CC(=O)C(=C12)C3c4c(cccc4)C2c5c3cccc5	SPE_K33308633	INCA-6	0.2			yes	60.0	15.0	DMSO	10.1021/acsptsci.0c00216	FRET	Vero		40.87		0.2	6.698970004336019			6.698970004336019		6.698970004336019		active
Clc1c(Cl)ccc(c1)N2CCN(C(=O)c3cccnc3)C[C@H]2C(=O)Nc4ccc(cc4)OC	GC-14F	GC-14F	0.2			yes	1500.0	500.0	DMSO	10.1021/acs.jmedchem.3c01876	FRET	Vero	0.74	24.0		0.2	6.698970004336019	0.74	6.130768280269024	6.698970004336019	6.130768280269024	6.698970004336019	6.130768280269024	active
CCN(CC1)CCN1C(c(cc2)ccc2C(F)(F)F)c(c3O)ccc(c34)cccn4	EOS100820	ML311	0.2			yes	60.0	15.0	DMSO	10.1021/acsptsci.0c00216	FRET	Vero		40.87		0.2	6.698970004336019			6.698970004336019		6.698970004336019		active
Clc1c(Cl)ccc(c1)N2CCN(C(=O)c(cnc3)c(c34)[nH]cc4)C[C@H]2C(=O)NCc5cccs5	GC-55HCL	GC-55HCL	0.21			yes	1500.0	500.0	DMSO	10.1021/acs.jmedchem.3c01876	FRET	Vero	0.53	24.0		0.21	6.6777807052660805	0.53	6.275724130399211	6.6777807052660805	6.275724130399211	6.6777807052660805	6.275724130399211	active
c1cccc(c12)n(nn2)CC(=O)N(Cc3cc(Cl)ccc3)c(cc4)ccc4-c5cn[nH]c5	36	36	0.27			yes	200.0	2.0	DMSO	10.1021/acs.jmedchem.1c00598	FRET	Vero	1.98	40.87		0.27	6.568636235841013	1.98	5.703334809738469	6.568636235841013	5.703334809738469	6.568636235841013	5.703334809738469	active
c1cccc(c12)[nH]c(=O)cc2C(=O)N(CCN3c(c4)ccc(Cl)c4Cl)C[C@H]3C(=O)NCc5cccs5	GC-53	GC-53	0.27			yes	1500.0	500.0	DMSO	10.1021/acs.jmedchem.3c01876	FRET	Vero	5.4	24.0		0.27	6.568636235841013	5.4	5.267606240177032	6.568636235841013	5.267606240177032	6.568636235841013	5.267606240177032	active
Cn(n1)cnc1Cn(c(=O)[nH]2)c(=O)n(Cc3cc(F)c(F)c(F)c3)/c2=N/c4ccc(cc4)OC	21	21	0.28			yes	6.0	8.0	DMSO	10.1021/acs.jmedchem.2c00117	FRET	Vero		40.87		0.28	6.552841968657781			6.552841968657781		6.552841968657781		active
c1ccccc1[C@H](C)NC(=O)C(c2cnccn2)N(C(=O)c3ccco3)c(cc4)ccc4-c5ccccc5	38	38	0.28			yes	5.3	20.0	DMSO	10.1021/acs.jmedchem.1c00509	FRET	Vero	0.82	75.41		0.28	6.552841968657781	0.82	6.086186147616283	6.552841968657781	6.086186147616283	6.552841968657781	6.086186147616283	active
Oc1cc(O)cc(c12)oc(c(c2=O)O)-c(cc3O)cc(O)c3O	EOS100814	MYRICETIN	0.2			yes	60.0	15.0	DMSO	10.1021/acsptsci.0c00216	FRET	Vero		40.87		0.2	6.698970004336019			6.548455006504028		6.548455006504028		active
[nH]1c(=O)[nH]c(=O)cc1C(=O)N2CCN(CC2)c(cc3Cl)cc(Cl)c3C	MCULE-CSR-494190-S1	MCULE-CSR-494190-S1	0.29	1.32	1.4	yes	250.0	40.0	DMSO	10.1021/acs.jmedchem.1c01475	FRET			24.0	1.3599999999999999	0.29	6.537602002101044			6.537602002101044		6.537602002101044		active
[nH]1c(=O)[nH]c(=O)cc1C(=O)N2CCN(CC2)c(cc3Cl)cc(Cl)c3Cl	HL-3-68	HL-3-68	0.29	0.69	0.89	yes	250.0	40.0	DMSO	10.1021/acs.jmedchem.1c01475	FRET			24.0	0.79	0.29	6.537602002101044			6.537602002101044		6.537602002101044		active
Oc1c(I)c(O)c(I)cc1I	SPE_K48963429	RIODOXOL	0.3			yes	60.0	15.0	DMSO	10.1021/acsptsci.0c00216	FRET	Vero		40.87		0.3	6.522878745280337			6.522878745280337		6.522878745280337		active
[O-][N+](=O)c1cnc(s1)Sc(n[nH]2)n(c2=O)-c(c3)ccc(c34)OCCO4	SPE_K73982490	BI-78D3	0.3			no	60.0	15.0	DMSO	10.1021/acsptsci.0c00216	FRET	Vero		40.87		0.3	6.522878745280337			6.522878745280337		6.522878745280337		active
CCC(=O)OCN1C(=O)C=CC1=O	SPE_K39706510	MIRA-1	0.3			yes	60.0	15.0	DMSO	10.1021/acsptsci.0c00216	FRET	Vero		40.87		0.3	6.522878745280337			6.522878745280337		6.522878745280337		active
CCOc(c(cc1)OC)cc1C(Nc(cc2C)ncc2)c(c3O)ccc(c34)cccn4	EOS102073	HQ-415	0.3			yes	60.0	15.0	DMSO	10.1021/acsptsci.0c00216	FRET	Vero		40.87		0.3	6.522878745280337			6.522878745280337		6.522878745280337		active
c1cccc(c12)n(nn2)CC(=O)N(Cc3cc(C)cc(Cl)c3)c(cc4)ccc4-c5cccnc5	33	33	0.312			yes	200.0	2.0	DMSO	10.1021/acs.jmedchem.1c00598	FRET	Vero		40.87		0.312	6.505845405981558			6.505845405981558		6.505845405981558		active
Clc1c(Cl)ccc(c1)N2CCN(C(=O)c3c(Cl)ccnc3)C[C@H]2C(=O)NCc4cccs4	GC-60	GC-60	0.32			yes	1500.0	500.0	DMSO	10.1021/acs.jmedchem.3c01876	FRET	Vero	3.1	24.0		0.32	6.494850021680094	3.1	5.508638306165728	6.494850021680094	5.508638306165728	6.494850021680094	5.508638306165728	active
N#Cc(c1)ccc(c12)Sc3c(cccc3)N2C(=O)CSC#N	3H	3H	0.322			yes	50.0	10.0	DMSO	10.1021/acs.jmedchem.3c00818	FRET			40.87		0.322	6.492144128304169			6.492144128304169		6.492144128304169		active
c1cccc(c12)n(nn2)CC(=O)N(Cc3cc(Cl)ccc3)c(cc4)cc(OC)c4-c5cn[nH]c5	37	37	0.328			yes	200.0	2.0	DMSO	10.1021/acs.jmedchem.1c00598	FRET	Vero	2.93	40.87		0.328	6.484126156288321	2.93	5.533132379645891	6.484126156288321	5.533132379645891	6.484126156288321	5.533132379645891	active
c1cccc(c12)n(nn2)CC(=O)N(Cc3cc(Cl)ccc3)c(cn4)ccc4-c5cn[nH]c5	39	39	0.333			yes	200.0	2.0	DMSO	10.1021/acs.jmedchem.1c00598	FRET	Vero	3.81	40.87		0.333	6.47755576649368	3.81	5.419075024324381	6.47755576649368	5.419075024324381	6.47755576649368	5.419075024324381	active
Clc1c(Cl)ccc(c1)N2CCN(C(=O)c3cc(F)cnc3)C[C@H]2C(=O)NCc4cccs4	GC-61	GC-61	0.35			yes	1500.0	500.0	DMSO	10.1021/acs.jmedchem.3c01876	FRET	Vero	1.5	24.0		0.35	6.455931955649724	1.5	5.823908740944319	6.455931955649724	5.823908740944319	6.455931955649724	5.823908740944319	active
Clc1c(Cl)ccc(c1)N2CCN(C(=O)c3c(OC)ccnc3)C[C@H]2C(=O)NCc4ccc(F)s4	GC-82HCL	GC-82HCL	0.35			yes	1500.0	500.0	DMSO	10.1021/acs.jmedchem.3c01876	FRET	Vero	1.4	24.0		0.35	6.455931955649724	1.4	5.853871964321762	6.455931955649724	5.853871964321762	6.455931955649724	5.853871964321762	active
N#Cc1cc(ccc1)-n(c2=O)[se]c(c23)cccc3	E25	E25	0.38			yes	25.0	3.0	DMSO	10.1021/acs.jmedchem.1c00566	FRET	Vero	2	40.87		0.38	6.42021640338319	2.0	5.698970004336019	6.42021640338319	5.698970004336019	6.42021640338319	5.698970004336019	active
c1cccc(c12)n(nn2)CC(=O)N(Cc3cc(Cl)ccc3)c(cc4)ccc4-c5cccnc5	28	28	0.39			yes	200.0	2.0	DMSO	10.1021/acs.jmedchem.1c00598	FRET	Vero	7.61	40.87		0.39	6.4089353929735005	7.61	5.118615343229427	6.4089353929735005	5.118615343229427	6.4089353929735005	5.118615343229427	active
N#CSc1c(N)nc(N)c(c1)SC#N	SPE_K54395039	PR-619	0.4			yes	60.0	15.0	DMSO	10.1021/acsptsci.0c00216	FRET	Vero		40.87		0.4	6.3979400086720375			6.3979400086720375		6.3979400086720375		active
OCC(Br)([N+]([O-])=O)CO	SPE_K33457401	BRONOPOL	0.4			yes	60.0	15.0	DMSO	10.1021/acsptsci.0c00216	FRET	Vero		40.87		0.4	6.3979400086720375			6.3979400086720375		6.3979400086720375		active
Clc1c(Cl)ccc(c1)N2CCN(C(=O)c3cccnc3)C[C@H]2C(=O)NCc4ccc(F)s4	GC-14D	GC-14D	0.4			yes	1500.0	500.0	DMSO	10.1021/acs.jmedchem.3c01876	FRET	Vero	1.5	24.0		0.4	6.3979400086720375	1.5	5.823908740944319	6.3979400086720375	5.823908740944319	6.3979400086720375	5.823908740944319	active
Sc(s1)nnc1Nc2ccccc2	EOS101825	CL-17107	0.4			yes	60.0	15.0	DMSO	10.1021/acsptsci.0c00216	FRET	Vero		40.87		0.4	6.3979400086720375			6.3979400086720375		6.3979400086720375		active
Clc1c(Cl)ccc(c1)N2CCN(C(=O)c3c(OC)ccnc3)C[C@H]2C(=O)Nc4c(OC)cc(c(F)c4)OC	GC-80	GC-80	0.4			yes	1500.0	500.0	DMSO	10.1021/acs.jmedchem.3c01876	FRET	Vero	1.5	24.0		0.4	6.3979400086720375	1.5	5.823908740944319	6.3979400086720375	5.823908740944319	6.3979400086720375	5.823908740944319	active
Clc1c(Cl)ccc(c1)N2CCN(C(=O)c3c(OC)ccnc3)C[C@H]2C(=O)Nc(cc4F)cc(F)c4OC	GC-79	GC-79	0.43			yes	1500.0	500.0	DMSO	10.1021/acs.jmedchem.3c01876	FRET	Vero	3.1	24.0		0.43	6.366531544420414	3.1	5.508638306165728	6.366531544420414	5.508638306165728	6.366531544420414	5.508638306165728	active
Clc1c(Cl)ccc(c1)N2CCN(C(=O)c3cc(O)cnc3)C[C@H]2C(=O)NCc4cccs4	GC-69	GC-69	0.44			yes	1500.0	500.0	DMSO	10.1021/acs.jmedchem.3c01876	FRET	Vero	15	24.0		0.44	6.356547323513813	15.0	4.823908740944319	6.356547323513813	4.823908740944319	6.356547323513813	4.823908740944319	active
c1cccc(c12)n(nn2)CC(=O)N(Cc3ccsc3)c(cc4)ccc4C(=O)N	10	10	0.44			yes	200.0	2.0	DMSO	10.1021/acs.jmedchem.1c00598	FRET	Vero		40.87		0.44	6.356547323513813			6.356547323513813		6.356547323513813		active
c1cc(Cl)cc(c12)N(C(=O)CSC#N)c3c(CC2)cccc3	3C	3C	0.478			yes	50.0	10.0	DMSO	10.1021/acs.jmedchem.3c00818	FRET		2.5	40.87		0.478	6.320572103387881	2.5	5.6020599913279625	6.320572103387881	5.6020599913279625	6.320572103387881	5.6020599913279625	active
Clc1c(Cl)ccc(c1)N2CCN(C(=O)c3c(OC)ccnc3)C[C@H]2C(=O)Nc4ccc(cc4)OC(F)F	GC-83	GC-83	0.48			yes	1500.0	500.0	DMSO	10.1021/acs.jmedchem.3c01876	FRET	Vero		24.0		0.48	6.318758762624413			6.318758762624413		6.318758762624413		active
C1COCCN1C(c(cc2)ccc2C(F)(F)F)c(c3)c(O)cc(c34)OCO4	EOS101824	PD120911	0.5			yes	60.0	15.0	DMSO	10.1021/acsptsci.0c00216	FRET	Vero		40.87		0.5	6.301029995663981			6.301029995663981		6.301029995663981		active
Oc1c(O)cc(cc1O)CNC(=S)/C=C/c2cc(O)c(O)c(Br)c2	SPE_K54098378	NT157	0.5			yes	60.0	15.0	DMSO	10.1021/acsptsci.0c00216	FRET	Vero		40.87		0.5	6.301029995663981			6.301029995663981		6.301029995663981		active
c12c3c4c(ccc3)CCN(C)[C@@H]4Cc2ccc(O)c1O	SPE_K76022557	APOMORPHINE HYDROCHLORIDE	0.5			no	60.0	15.0	DMSO	10.1021/acsptsci.0c00216	FRET	Vero		40.87		0.5	6.301029995663981			6.301029995663981		6.301029995663981		active
c1cccc(c12)ccc(O)c2SSc3c(O)ccc(c34)cccc4	SPE_K38727704	IPA-3	0.5			yes	60.0	15.0	DMSO	10.1021/acsptsci.0c00216	FRET	Vero		40.87		0.5	6.301029995663981			6.301029995663981		6.301029995663981		active
c1ccccc1[C@H](C)NC(=O)C(c2cccnc2)N(C(=O)c3ccco3)c(cc4)ccc4C5CCCCC5	17	17	0.51			yes	5.3	20.0	DMSO	10.1021/acs.jmedchem.1c00509	FRET	Vero		75.41		0.51	6.292429823902063			6.292429823902063		6.292429823902063		active
N#CSCC(=O)N1c(cccc2)c2Sc(c13)ccc(Cl)c3	3J	3J	0.524			yes	50.0	10.0	DMSO	10.1021/acs.jmedchem.3c00818	FRET			40.87		0.524	6.280668713016273			6.280668713016273		6.280668713016273		active
c1cccc(c12)n(nn2)CC(=O)N(Cc3cc(Cl)cnc3)c(cc4)ccc4-c5cccnc5	34	34	0.54			yes	200.0	2.0	DMSO	10.1021/acs.jmedchem.1c00598	FRET	Vero		40.87		0.54	6.267606240177032			6.267606240177032		6.267606240177032		active
c1ccccc1[C@H](C)NC(=O)C(c2cccnc2)N(C(=O)c3ccco3)c(cc4)ccc4-c5cccs5	19	19	0.56			yes	5.3	20.0	DMSO	10.1021/acs.jmedchem.1c00509	FRET	Vero		75.41		0.56	6.251811972993799			6.251811972993799		6.251811972993799		active
O=C1C=CC(=O)N1CCCCCC(=O)N/N=C(\CO)[C@@](C2)(O)C[C@H](O[C@H](O3)C[C@H](N)[C@H](O)[C@@H]3C)c(c4O)c2c(O)c(c45)C(=O)c6c(C5=O)c(OC)ccc6	SPE_K68928792	ALDOXORUBICIN	0.6			no	60.0	15.0	DMSO	10.1021/acsptsci.0c00216	FRET	Vero		40.87		0.6	6.221848749616356			6.221848749616356		6.221848749616356		active
c1cccc(c12)ccc(c2)C(=O)CCN(C(C)C)Cc3ccccc3	SPE_K40624912	ZM-39923	0.6			yes	60.0	15.0	DMSO	10.1021/acsptsci.0c00216	FRET	Vero		40.87		0.6	6.221848749616356			6.221848749616356		6.221848749616356		active
COc(cc1)cc(OC)c1Cn(c2=O)[se]c(c23)cccc3	E7	E7	0.61			yes	25.0	3.0	DMSO	10.1021/acs.jmedchem.1c00566	FRET	Vero	26.5	40.87		0.61	6.214670164989233	26.5	4.576754126063192	6.214670164989233	4.576754126063192	6.214670164989233	4.576754126063192	active
[nH]1c(=O)[nH]c(=O)cc1C(=O)N2CCN(CC2)c(c3)ccc(Br)c3Cl	HL-3-78	HL-3-78	0.61			yes	250.0	40.0	DMSO	10.1021/acs.jmedchem.1c01475	FRET			24.0		0.61	6.214670164989233			6.214670164989233		6.214670164989233		active
c1cccc(c12)[se]n(c2=O)-c3cc(Cl)cc(Cl)c3	E20	E20	0.64			yes	25.0	3.0	DMSO	10.1021/acs.jmedchem.1c00566	FRET	Vero	18.2	40.87		0.64	6.1938200260161125	18.2	4.739928612014925	6.1938200260161125	4.739928612014925	6.1938200260161125	4.739928612014925	active
c1ccccc1[C@H](C)NC(=O)C(c2cccnc2)N(C(=O)c3ccco3)c(cc4)ccc4-c5ccccc5	23	23	0.66			yes	5.3	20.0	DMSO	10.1021/acs.jmedchem.1c00509	FRET	Vero	1.61	75.41		0.66	6.180456064458132	1.61	5.79317412396815	6.180456064458132	5.79317412396815	6.180456064458132	5.79317412396815	active
c1ccccc1[C@H](C)NC(=O)C(c2cnccn2)N(C(=O)c3c[nH]cn3)c(cc4)ccc4-c5ccccc5	37	37	0.67			yes	5.3	20.0	DMSO	10.1021/acs.jmedchem.1c00509	FRET	Vero	4.54	75.41		0.67	6.173925197299174	4.54	5.342944147142896	6.173925197299174	5.342944147142896	6.173925197299174	5.342944147142896	active
c1cccc(c12)[se]n(c2=O)-c3cc(Cl)ccc3	E19	E19	0.68			yes	25.0	3.0	DMSO	10.1021/acs.jmedchem.1c00566	FRET	Vero	17.4	40.87		0.68	6.167491087293763	17.4	4.7594507517174005	6.167491087293763	4.7594507517174005	6.167491087293763	4.7594507517174005	active
[nH]1c(=O)[nH]c(=O)cc1C(=O)N2CCN(CC2)c(c3)ccc(Cl)c3Cl	MCULE-5948770040	MCULE-5948770040	0.68	1.3	2.9	yes	250.0	40.0	DMSO	10.1021/acs.jmedchem.1c01475	FRET			24.0	2.1	0.68	6.167491087293763			6.167491087293763		6.167491087293763		active
ClC(Cl)(Cl)SN(C1=O)C(=O)C(C12)CC=CC2	SPE_A79857384	CAPTAN	0.7			yes	60.0	15.0	DMSO	10.1021/acsptsci.0c00216	FRET	Vero		40.87		0.7	6.154901959985743			6.154901959985743		6.154901959985743		active
COCCCOc(ccn1)c(C)c1CS(=O)c(n2)[nH]c(c23)cccc3	SPE_A39390670	RABEPRAZOLE	0.7			yes	60.0	15.0	DMSO	10.1021/acsptsci.0c00216	FRET	Vero		40.87		0.7	6.154901959985743			6.154901959985743		6.154901959985743		active
c1cccc(c12)n(nn2)CC(=O)N(Cc3cc(Cl)ccc3)c(cc4)ccc4-c5c(=O)[nH]ccc5	35	35	0.746			yes	200.0	2.0	DMSO	10.1021/acs.jmedchem.1c00598	FRET	Vero	8.77	40.87		0.746	6.127261172527331	8.77	5.05700040663396	6.127261172527331	5.05700040663396	6.127261172527331	5.05700040663396	active
c1cccc(c12)sc(n2)SNC3CCCCC3	SPE_K64191834	N-CYCLOHEXYL-2-BENZOTHIAZOLESULFENAMIDE	0.8			no	60.0	15.0	DMSO	10.1021/acsptsci.0c00216	FRET	Vero		40.87		0.8	6.096910013008056			6.096910013008056		6.096910013008056		active
N#C/C=C/S(=O)(=O)c(cc1)ccc1C	SPE_K15025317	BAY-11-7082	0.8			yes	60.0	15.0	DMSO	10.1021/acsptsci.0c00216	FRET	Vero		40.87		0.8	6.096910013008056			6.096910013008056		6.096910013008056		active
c1cc(N)cc(c12)nc3c(c2)ccc(c3)N	SPE_K68408467	PROFLAVINE	0.8			no	60.0	15.0	DMSO	10.1021/acsptsci.0c00216	FRET	Vero		40.87		0.8	6.096910013008056			6.096910013008056		6.096910013008056		active
CC(C)n(cn1)c(c12)nc(N[C@H](CC)CO)nc2NCc3ccc(cc3)-c4ccccn4	SPE_K40331046	CR8-(R)	0.8			yes	60.0	15.0	DMSO	10.1021/acsptsci.0c00216	FRET	Vero		40.87		0.8	6.096910013008056			6.096910013008056		6.096910013008056		active
Nc1ccc(cc1)S(=O)(=O)N([Ag])c2ncccn2	SPE_M11664367	SILVER-SULFADIAZINE	0.8			no	60.0	15.0	DMSO	10.1021/acsptsci.0c00216	FRET	Vero		40.87		0.8	6.096910013008056			6.096910013008056		6.096910013008056		active
N#C/C=C/S(=O)(=O)c(cc1)ccc1C(C)(C)C	SPE_K48684885	BAY-11-7085	0.8			yes	60.0	15.0	DMSO	10.1021/acsptsci.0c00216	FRET	Vero		40.87		0.8	6.096910013008056			6.096910013008056		6.096910013008056		active
c1ccccc1[C@H](C)NC(=O)C(c2cccnc2)N(C(=O)c3ccno3)c(cc4)ccc4C5CCCCC5	36	36	0.81			yes	5.3	20.0	DMSO	10.1021/acs.jmedchem.1c00509	FRET	Vero		75.41		0.81	6.0915149811213505			6.0915149811213505		6.0915149811213505		active
c1cccc(c12)n(nn2)CC(=O)N(CC3CCC3)c(cc4)ccc4-c5cccnc5	24	24	0.83			yes	200.0	2.0	DMSO	10.1021/acs.jmedchem.1c00598	FRET	Vero		40.87		0.83	6.080921907623926			6.080921907623926		6.080921907623926		active
c1c([nH]2)c(C)c(C=C)c2cc(n3)c(C)c(CCC(=O)O)c3cc([nH]4)c(CCC(=O)O)c(C)c4cc(n5)c(C)c(c15)C=C	SPE_M75036822	HEMIN	0.9			no	60.0	15.0	DMSO	10.1021/acsptsci.0c00216	FRET	Vero		40.87		0.9	6.045757490560675			6.045757490560675		6.045757490560675		active
FC(F)(F)c1ccc(cc1)-n(c2=O)[se]c(c23)cccc3	E4	E4	0.9			yes	25.0	3.0	DMSO	10.1021/acs.jmedchem.1c00566	FRET	Vero	11.2	40.87		0.9	6.045757490560675	11.2	4.950781977329818	6.045757490560675	4.950781977329818	6.045757490560675	4.950781977329818	active
CN(C)C(=S)SC(=S)N(C)C	SPE_K36889451	TETRAMETHYLTHIURAM MONOSULFIDE	0.9			yes	60.0	15.0	DMSO	10.1021/acsptsci.0c00216	FRET	Vero		40.87		0.9	6.045757490560675			6.045757490560675		6.045757490560675		active
Clc1c(Cl)ccc(c1)N2CCN(C(=O)c3cnccn3)C[C@H]2C(=O)NCc4cccs4	GC-71	GC-71	0.92			yes	1500.0	500.0	DMSO	10.1021/acs.jmedchem.3c01876	FRET	Vero		24.0		0.92	6.036212172654444			6.036212172654444		6.036212172654444		active
c1cccc(c12)n(nn2)CC(=O)N(Cc3ccsc3)c(cc4)ccc4-c5c(=O)[nH]ccc5	17	17	0.92			yes	200.0	2.0	DMSO	10.1021/acs.jmedchem.1c00598	FRET	Vero		40.87		0.92	6.036212172654444			6.036212172654444		6.036212172654444		active
c1ccccc1[C@H](C)NC(=O)C(c2cccnc2)N(C(=O)c3ccco3)c4ccc(cc4)-n5cccc5	20	20	0.94			yes	5.3	20.0	DMSO	10.1021/acs.jmedchem.1c00509	FRET	Vero	1.73	75.41		0.94	6.026872146400302	1.73	5.761953896871205	6.026872146400302	5.761953896871205	6.026872146400302	5.761953896871205	active
c1cccc(c12)n(nn2)CC(=O)N(Cc3ccsc3)c(cc4)ccc4-c5cccnc5	8	8	0.95			yes	200.0	2.0	DMSO	10.1021/acs.jmedchem.1c00598	FRET	Vero	12.07	40.87		0.95	6.022276394711152	12.07	4.91829272990265	6.022276394711152	4.91829272990265	6.022276394711152	4.91829272990265	active
c1ccccc1[C@H](C)NC(=O)C(c2cccnc2)N(C(=O)c3c[nH]cn3)c(cc4)ccc4-c5ccccc5	24	24	0.96			yes	5.3	20.0	DMSO	10.1021/acs.jmedchem.1c00509	FRET	Vero	13.06	75.41		0.96	6.017728766960432	13.06	4.884056823060945	6.017728766960432	4.884056823060945	6.017728766960432	4.884056823060945	active
c1cc(F)ccc1Cn(c2=O)[se]c(c23)cccc3	E6	E6	1			yes	25.0	3.0	DMSO	10.1021/acs.jmedchem.1c00566	FRET	Vero	20	40.87		1	6.0	20.0	4.698970004336019	6.0	4.698970004336019	6.0	4.698970004336019	active
c1ccccc1-n2sc(=N/C)\nc2-c3ccccc3	SPE_K29562203	SCH-202676	1			yes	60.0	15.0	DMSO	10.1021/acsptsci.0c00216	FRET	Vero		40.87		1	6.0			6.0		6.0		active
n1cc(C)c(OC)c(C)c1CS(=O)c([nH]2)nc(c23)nc(cc3)OC	SPE_A42270467	TENATOPRAZOLE	1			yes	60.0	15.0	DMSO	10.1021/acsptsci.0c00216	FRET	Vero		40.87		1	6.0			6.0		6.0		active
c1ccccc1CCCNC(=O)C(c2cccnc2)N(C(=O)c3ccco3)c(cc4)ccc4-c5ccccc5	40	40	1.05			no	5.3	20.0	DMSO	10.1021/acs.jmedchem.1c00509	FRET	Vero		75.41		1.05	5.978810700930062			5.978810700930062		5.978810700930062		active
N#CSCC(=O)N1c(cccc2)c2Sc(c13)ccc(c3)C(=O)C	3F	3F	1.057			yes	50.0	10.0	DMSO	10.1021/acs.jmedchem.3c00818	FRET			40.87		1.057	5.975925012692573			5.975925012692573		5.975925012692573		active
Oc1c(O)cc(cc1O)C(=O)O[C@H](C2)[C@@H](c(cc3O)cc(O)c3O)Oc(c24)cc(O)cc4O	DOM_SIM_242	(-)-EPIGALLOCATECHIN GALLATE	1.6			yes	60.0	15.0	DMSO	10.1021/acsptsci.0c00216	FRET	Vero		40.87		1.6	5.795880017344075			5.975390988664909		5.975390988664909		active
n1nnn(c12)nc(cc2)S(=O)c3ccccc3	SPE_A53134341	RO-106-9920	1.1			yes	60.0	15.0	DMSO	10.1021/acsptsci.0c00216	FRET	Vero		40.87		1.1	5.958607314841775			5.958607314841775		5.958607314841775		active
OCC1C(O)C(O)C(O1)n(cn2)c(c23)[nH]c(N)nc3=S	EOS102388	THIOGUANOSINE	1.1			yes	60.0	15.0	DMSO	10.1021/acsptsci.0c00216	FRET	Vero	3.8	40.87		1.1	5.958607314841775	3.8	5.42021640338319	5.958607314841775	5.42021640338319	5.958607314841775	5.42021640338319	active
n1[nH]cnc1Cn(c(=O)[nH]2)c(=O)n(Cc3cc(F)c(F)c(F)c3)/c2=N/c4ccc(cc4)OC	20	20	1.1			yes	6.0	8.0	DMSO	10.1021/acs.jmedchem.2c00117	FRET	Vero		40.87		1.1	5.958607314841775			5.958607314841775		5.958607314841775		active
c1c(O)c(O)cc(c12)CC[C@@H]3[C@@H]2c4c(CN3)cccc4	SPE_K31471398	DIHYDREXIDINE	1.1			yes	60.0	15.0	DMSO	10.1021/acsptsci.0c00216	FRET	Vero		40.87		1.1	5.958607314841775			5.958607314841775		5.958607314841775		active
c1cccc(c12)n(nn2)CC(=O)N(CC3CCCC3)c(cc4)ccc4-c5cccnc5	25	25	1.16			yes	200.0	2.0	DMSO	10.1021/acs.jmedchem.1c00598	FRET	Vero		40.87		1.16	5.935542010773082			5.935542010773082		5.935542010773082		active
C=CC(=O)c(c1)ccc(c12)cccc2	SPE_K95676198	JAK3-INHIBITOR-V	1.2			no	60.0	15.0	DMSO	10.1021/acsptsci.0c00216	FRET	Vero		40.87		1.2	5.920818753952375			5.920818753952375		5.920818753952375		active
CN1CCN(CC1)C2=C(Cl)C(=O)N(C2=O)c(c3)ccc(Cl)c3Cl	EOS102200	PD119792	1.2			yes	60.0	15.0	DMSO	10.1021/acsptsci.0c00216	FRET	Vero		40.87		1.2	5.920818753952375			5.920818753952375		5.920818753952375		active
N1CCC(C1=O)CC(C(O)S([O-])(=O)=O)NC(=O)C(CC(C)C)NC(=O)OCc2ccccc2	GC-376	GC-376	1.2			yes	64.5	50.0	DMSO	10.1021/acs.jcim.1c00258	FRET			24.0		1.2	5.920818753952375			5.920818753952375		5.920818753952375		active
COc(cc1)ccc1-n(c2=O)[se]c(c23)cccc3	E27	E27	1.25			yes	25.0	3.0	DMSO	10.1021/acs.jmedchem.1c00566	FRET	Vero	1.7	40.87		1.25	5.903089986991944	1.7	5.769551078621726	5.903089986991944	5.769551078621726	5.903089986991944	5.769551078621726	active
c1ncccc1CC(=O)N(Cc2cc(Cl)ccc2)c(cc3)ccc3-c4cn[nH]c4	42	42	1.27			yes	200.0	2.0	DMSO	10.1021/acs.jmedchem.1c00598	FRET	Vero		40.87		1.27	5.896196279044043			5.896196279044043		5.896196279044043		active
CNC(=O)N(C(=O)C)OC(=O)NC	SPE_K62790656	CARACEMIDE	1.3			no	60.0	15.0	DMSO	10.1021/acsptsci.0c00216	FRET	Vero		40.87		1.3	5.886056647693163			5.886056647693163		5.886056647693163		active
Clc1c(Cl)ccc(c1)N2CCN(C(=O)c3cc(OC)cnc3)C[C@H]2C(=O)NCc4cccs4	GC-74	GC-74	1.3			yes	1500.0	500.0	DMSO	10.1021/acs.jmedchem.3c01876	FRET	Vero		24.0		1.3	5.886056647693163			5.886056647693163		5.886056647693163		active
Clc1c(Cl)ccc(c1)N2CCN(C(=O)c3cccnc3)C[C@H]2C(=O)N(C)Cc4cccs4	GC-14C	GC-14C	1.3			yes	1500.0	500.0	DMSO	10.1021/acs.jmedchem.3c01876	FRET	Vero		24.0		1.3	5.886056647693163			5.886056647693163		5.886056647693163		active
C1COCCN1C(=S)c2cc(OC)c(O)cc2	SPE_K26502378	VANITIOLIDE	1.3			yes	60.0	15.0	DMSO	10.1021/acsptsci.0c00216	FRET	Vero		40.87		1.3	5.886056647693163			5.886056647693163		5.886056647693163		active
C1CN(C)CCN1C(=O)c2ccc(s2)-c(cc3)cc(c34)ccc(O)c4C=O	EOS100539	MKC-3946	1.3			yes	60.0	15.0	DMSO	10.1021/acsptsci.0c00216	FRET	Vero		40.87		1.3	5.886056647693163			5.886056647693163		5.886056647693163		active
c1cccc(c12)n(nn2)CC(=O)N(Cc3ccsc3)c(cc4)ccc4-c5ccccn5	14	14	1.4			yes	200.0	2.0	DMSO	10.1021/acs.jmedchem.1c00598	FRET	Vero		40.87		1.4	5.853871964321762			5.853871964321762		5.853871964321762		active
c1ccccc1C[C@@H](C(=O)CCl)NS(=O)(=O)c(cc2)ccc2C	EOS102357	TOSYL PHENYLALANYL CHLOROMETHYL KETONE	1.4			yes	60.0	15.0	DMSO	10.1021/acsptsci.0c00216	FRET	Vero		40.87		1.4	5.853871964321762			5.853871964321762		5.853871964321762		active
[nH]1c(=O)[nH]c(=O)cc1C(=O)N2CCN(CC2)c(c3)ccc(Cl)c3C(F)(F)F	HL-3-52	HL-3-52	1.4			yes	250.0	40.0	DMSO	10.1021/acs.jmedchem.1c01475	FRET			24.0		1.4	5.853871964321762			5.853871964321762		5.853871964321762		active
[nH]1c(=O)[nH]c(=O)cc1C(=O)N2CCN(CC2)c(cc3Cl)cc(Cl)c3C(F)(F)F	HL-3-87	HL-3-87	1.4			yes	250.0	40.0	DMSO	10.1021/acs.jmedchem.1c01475	FRET			24.0		1.4	5.853871964321762			5.853871964321762		5.853871964321762		active
c1ccccc1C(c2ccccc2)CNC(=O)C(c3cccnc3)N(C(=O)c4ccco4)c(cc5)ccc5-c6ccccc6	39	39	1.48			yes	5.3	20.0	DMSO	10.1021/acs.jmedchem.1c00509	FRET	Vero	2.04	75.41		1.48	5.8297382846050425	2.04	5.690369832574102	5.8297382846050425	5.690369832574102	5.8297382846050425	5.690369832574102	active
CC(C)c1cc(on1)CNc(n2)nc(N(CC3)CCN3C)cc2Nc(n[nH]4)cc4C5CC5	SPE_K14274271	XL228	1.5			yes	60.0	15.0	DMSO	10.1021/acsptsci.0c00216	FRET	Vero		40.87		1.5	5.823908740944319			5.823908740944319		5.823908740944319		active
CC(=O)OCC(=O)[C@H](C[C@@H](C1=O)CCN1)NC(=O)[C@H](CC(C)C)NC(=O)OCc2cc(Cl)ccc2	4	4	1.5			yes	80.0	100.0	DMSO	10.1021/acs.jmedchem.1c00616	FRET	Vero	21.5	24.0		1.5	5.823908740944319	21.5	4.667561540084395	5.823908740944319	4.667561540084395	5.823908740944319	4.667561540084395	active
c1cccc(c12)n(nn2)CC(=O)N(Cc3cscn3)c(cc4)ccc4-c5cccnc5	27	27	1.59			yes	200.0	2.0	DMSO	10.1021/acs.jmedchem.1c00598	FRET	Vero		40.87		1.59	5.798602875679548			5.798602875679548		5.798602875679548		active
OC[C@@H]1[C@@H](O)[C@H](O)[C@@H](O)[C@H](O1)Oc2cccc(c23)C(c4c(C3=O)c(O)cc(c4)C(=O)O)[C@H](c5c(C6=O)c(O)cc(c5)C(=O)O)c(c67)cccc7O[C@@H](O8)[C@H](O)[C@@H](O)[C@H](O)[C@H]8CO	SPE_A30370660	SENNOSIDE A	1.6			yes	60.0	15.0	DMSO	10.1021/acsptsci.0c00216	FRET	Vero		40.87		1.6	5.795880017344075			5.795880017344075		5.795880017344075		active
c1cccc(c12)n(nn2)CC(=O)N(Cc3ccsc3)c4ccc(cc4)NS(=O)(=O)C	12	12	1.61			yes	200.0	2.0	DMSO	10.1021/acs.jmedchem.1c00598	FRET	Vero		40.87		1.61	5.79317412396815			5.79317412396815		5.79317412396815		active
O=C(O)[C@@H](S)[C@@H](S)C(=O)O	SPE_K88701661	DIMERCAPTOSUCCINIC-ACID	1.7			no	60.0	15.0	DMSO	10.1021/acsptsci.0c00216	FRET	Vero		40.87		1.7	5.769551078621726			5.769551078621726		5.769551078621726		active
OC[C@@H]1[C@@H](O)[C@H](O)[C@@H](O)C(O1)S[Au]	SPE_A89825407	AUROTHIOGLUCOSE	1.7			yes	60.0	15.0	DMSO	10.1021/acsptsci.0c00216	FRET	Vero		40.87		1.7	5.769551078621726			5.769551078621726		5.769551078621726		active
Clc1c(Cl)ccc(c1)N2CCN(C(=O)c3cccnc3)C[C@H]2C(=O)NCc4ccc(s4)Br	GC-14E	GC-14E	1.8			yes	1500.0	500.0	DMSO	10.1021/acs.jmedchem.3c01876	FRET	Vero		24.0		1.8	5.7447274948966935			5.7447274948966935		5.7447274948966935		active
c1cc(F)cc(OC)c1-n(c2=O)[se]c(c23)cccc3	E17	E17	1.8			yes	25.0	3.0	DMSO	10.1021/acs.jmedchem.1c00566	FRET	Vero	20	40.87		1.8	5.7447274948966935	20.0	4.698970004336019	5.7447274948966935	4.698970004336019	5.7447274948966935	4.698970004336019	active
c1ccccc1[C@H](C)NC(=O)C(c2cccnc2)N(C(=O)c3ccco3)c(cc4)ccc4-c5ccccn5	21	21	1.81			yes	5.3	20.0	DMSO	10.1021/acs.jmedchem.1c00509	FRET	Vero		75.41		1.81	5.7423214251308154			5.7423214251308154		5.7423214251308154		active
N#CSCC(=O)N1c(cccc2)c2Sc(c13)cccc3	3B	3B	1.849			yes	50.0	10.0	DMSO	10.1021/acs.jmedchem.3c00818	FRET			40.87		1.849	5.733063088840827			5.733063088840827		5.733063088840827		active
c1cc(N)cc(c12)[n+](C)c3c(c2)ccc(c3)N	SPE_M87138257	ACRIFLAVINE HYDROCHLORIDE	1.9			no	60.0	15.0	DMSO	10.1021/acsptsci.0c00216	FRET	Vero		40.87		1.9	5.721246399047171			5.721246399047171		5.721246399047171		active
c1c(F)c(F)c(F)cc1Cn(c(=O)n(c(=O)[nH]2)CC(=O)NC)/c2=N/c(c3C)ccc(c3)OC	13	13	1.9			yes	6.0	8.0	DMSO	10.1021/acs.jmedchem.2c00117	FRET	Vero		40.87		1.9	5.721246399047171			5.721246399047171		5.721246399047171		active
c1cccc(c1C)N(C)C(=O)c2cc([N+]([O-])=O)c(cc2)S(=O)c3nccs3	SPE_A91031770	SB-268262	1.9			yes	60.0	15.0	DMSO	10.1021/acsptsci.0c00216	FRET	Vero		40.87		1.9	5.721246399047171			5.721246399047171		5.721246399047171		active
c1ccccc1[C@H](C)NC(=O)C(c2cccnc2)N(C(=O)c3ccco3)c4ccc(cc4)[Si](C)(C)C	14	14	1.97			yes	5.3	20.0	DMSO	10.1021/acs.jmedchem.1c00509	FRET	Vero		75.41		1.97	5.7055337738384075			5.7055337738384075		5.7055337738384075		active
c1c(O)ccc(c1[C@@]23C)N(C)[C@H]2N(C)CC3	SPE_K13629382	ESEROLINE-(-)	2			yes	60.0	15.0	DMSO	10.1021/acsptsci.0c00216	FRET	Vero		40.87		2	5.698970004336019			5.698970004336019		5.698970004336019		active
n1cnn(c12)C(=O)C(S2)CC(=O)Nc3ccc(Br)cc3	EOS102152	PD096194	2			yes	60.0	15.0	DMSO	10.1021/acsptsci.0c00216	FRET	Vero		40.87		2	5.698970004336019			5.698970004336019		5.698970004336019		active
c1cccc(c12)[se]n(c2=O)-c3c(F)cccc3F	E11	E11	2.09			yes	25.0	3.0	DMSO	10.1021/acs.jmedchem.1c00566	FRET	Vero	20	40.87		2.09	5.679853713888946	20.0	4.698970004336019	5.679853713888946	4.698970004336019	5.679853713888946	4.698970004336019	active
c1cccc(c12)n(nn2)CC(=O)N(Cc3ccsc3)c(cc4)ccc4-c5ccncc5	15	15	2.09			yes	200.0	2.0	DMSO	10.1021/acs.jmedchem.1c00598	FRET	Vero		40.87		2.09	5.679853713888946			5.679853713888946		5.679853713888946		active
c1ccnc(c12)c(O)ccc2N	EOS102214	PD119507	2.1			yes	60.0	15.0	DMSO	10.1021/acsptsci.0c00216	FRET	Vero		40.87		2.1	5.6777807052660805			5.6777807052660805		5.6777807052660805		active
n1onc(N)c1-c(n2CC)nc(c23)cncc3CNC4CCNCC4	SPE_K49597925	SB-747651A	2.1			yes	60.0	15.0	DMSO	10.1021/acsptsci.0c00216	FRET	Vero		40.87		2.1	5.6777807052660805			5.6777807052660805		5.6777807052660805		active
CC(C)(C)CC(C)(C)NC(=O)C(c1cccnc1)N(C(=O)c2ccco2)c(cc3)ccc3-c4ccccc4	31	31	2.14			yes	5.3	20.0	DMSO	10.1021/acs.jmedchem.1c00509	FRET	Vero		75.41		2.14	5.669586226650809			5.669586226650809		5.669586226650809		active
Clc1c(Cl)ccc(c1)N2CCN(C(=O)c3cccnc3)C[C@H]2C(=O)NCC4=CC=CC4[Fe]C5C=CC=C5	GC-14B	GC-14B	2.2			yes	1500.0	500.0	DMSO	10.1021/acs.jmedchem.3c01876	FRET	Vero		24.0		2.2	5.657577319177793			5.657577319177793		5.657577319177793		active
c1cccc(c12)N(C(=O)CSC#N)c3c(CC2)cccc3	3A	3A	2.214			yes	50.0	10.0	DMSO	10.1021/acs.jmedchem.3c00818	FRET			40.87		2.214	5.654822383457296			5.654822383457296		5.654822383457296		active
C1COCCN1C2=C(Cl)C(=O)N(C2=O)c(c3)ccc(Cl)c3Cl	SPE_K79555887	RI-1	1.1			no	60.0	15.0	DMSO	10.1021/acsptsci.0c00216	FRET	Vero		40.87		1.1	5.958607314841775			5.652697400533215		5.652697400533215		active
Cc1ccc(cc1)-n(c2=O)[se]c(c23)cccc3	E22	E22	2.29			yes	25.0	3.0	DMSO	10.1021/acs.jmedchem.1c00566	FRET	Vero	15.4	40.87		2.29	5.640164517660112	15.4	4.812479279163537	5.640164517660112	4.812479279163537	5.640164517660112	4.812479279163537	active
O=C(O)CCCCCCCCCCCCCCc1ccc(I)cc1	SPE_K53156781	OMEGA-(4-IODOPHENYL)PENTADECANOIC ACID	2.3			yes	60.0	15.0	DMSO	10.1021/acsptsci.0c00216	FRET	Vero		40.87		2.3	5.638272163982407			5.638272163982407		5.638272163982407		active
C1CCCCC1NC(=O)C(c2cccnc2)N(C(=O)c3ccco3)c(cc4)ccc4C(C)(C)C	6	6	2.39			yes	5.3	20.0	DMSO	10.1021/acs.jmedchem.1c00509	FRET	Vero		75.41		2.39	5.621602099051862			5.621602099051862		5.621602099051862		active
c1ccc(OC)cc1C(=O)CCN[C@@H](C)[C@H](O)c2ccccc2	SPE_K73027814	OXYFEDRINE	2.4			no	60.0	15.0	DMSO	10.1021/acsptsci.0c00216	FRET	Vero		40.87		2.4	5.619788758288394			5.619788758288394		5.619788758288394		active
S=c1nn[nH]n1-c2ccccc2	EOS102387	1-PHENYL-1H-TETRAZOLE-5-THIOL	2.4			yes	60.0	15.0	DMSO	10.1021/acsptsci.0c00216	FRET	Vero		40.87		2.4	5.619788758288394			5.619788758288394		5.619788758288394		active
c1ccccc1[C@H](C)NC(=O)C(c2cccnc2)N(C(=O)c3ccno3)c(cc4)ccc4-c5ccccc5	25	25	2.47			yes	5.3	20.0	DMSO	10.1021/acs.jmedchem.1c00509	FRET	Vero		75.41		2.47	5.607303046740334			5.607303046740334		5.607303046740334		active
c1cccc(S2)[n+]1O[Zn]23O[n+]4c(S3)cccc4	SPE_K16136380	PYRITHIONE	2.5			yes	60.0	15.0	DMSO	10.1021/acsptsci.0c00216	FRET	Vero		40.87		2.5	5.6020599913279625			5.6020599913279625		5.6020599913279625		active
C1CCCC1NC(=O)C(c2cccnc2)N(C(=O)c3ccco3)c(cc4)ccc4C(C)(C)C	5	5	2.51			yes	5.3	20.0	DMSO	10.1021/acs.jmedchem.1c00509	FRET	Vero		75.41		2.51	5.600326278518962			5.600326278518962		5.600326278518962		active
c1cccc(c12)n(nn2)CC(=O)N(CC3CC3)c(cc4)ccc4-c5cccnc5	23	23	2.51			yes	200.0	2.0	DMSO	10.1021/acs.jmedchem.1c00598	FRET	Vero		40.87		2.51	5.600326278518962			5.600326278518962		5.600326278518962		active
c1ccccc1[C@H](C)NC(=O)C(c2cccnc2)N(C(=O)c3ccco3)c(cc4)ccc4-c5ccco5	18	18	2.54			yes	5.3	20.0	DMSO	10.1021/acs.jmedchem.1c00509	FRET	Vero		75.41		2.54	5.595166283380062			5.595166283380062		5.595166283380062		active
O=C1C(=C)[C@@H]([C@H]2O)CC[C@@H]3[C@@](CO4)([C@@H]5C[C@@]4([C@@]123)O)[C@@H](O)CCC5(C)C	SPE_A09838294	ORIDONIN	2.6			yes	60.0	15.0	DMSO	10.1021/acsptsci.0c00216	FRET	Vero		40.87		2.6	5.585026652029182			5.585026652029182		5.585026652029182		active
N#CSCC(=O)N1c(cccc2)c2Sc(c13)ccc(c3)SCC	3I	3I	2.641			yes	50.0	10.0	DMSO	10.1021/acs.jmedchem.3c00818	FRET			40.87		2.641	5.578231598793076			5.578231598793076		5.578231598793076		active
C1CCCCC1NC(=O)C(c2cccnc2)N(C(=O)c3ccco3)c(cc4)ccc4-c5ccccc5	34	34	2.68			yes	5.3	20.0	DMSO	10.1021/acs.jmedchem.1c00509	FRET	Vero		75.41		2.68	5.5718652059712115			5.5718652059712115		5.5718652059712115		active
CCCCCCCCn(c1=O)[se]c(c12)cccc2	E29	E29	2.69			yes	25.0	3.0	DMSO	10.1021/acs.jmedchem.1c00566	FRET	Vero	20	40.87		2.69	5.570247719997592	20.0	4.698970004336019	5.570247719997592	4.698970004336019	5.570247719997592	4.698970004336019	active
c1c(O)c(O)cc(c12)CCNCC2c3ccccc3	SPE_A88548664	SKF-38393	2.6			yes	60.0	15.0	DMSO	10.1021/acsptsci.0c00216	FRET	Vero		40.87		2.6	5.585026652029182			5.568934310343481		5.568934310343481		active
FC(F)(F)c1cc(ccc1)-n(c2=O)[se]c(c23)cccc3	E24	E24	2.77			yes	25.0	3.0	DMSO	10.1021/acs.jmedchem.1c00566	FRET	Vero	0.8	40.87		2.77	5.557520230935552	0.8	6.096910013008056	5.557520230935552	6.096910013008056	5.557520230935552	6.096910013008056	active
c1cccc(c12)[se]n(c2=O)-c3ccc(Br)cc3	E21	E21	2.77			yes	25.0	3.0	DMSO	10.1021/acs.jmedchem.1c00566	FRET	Vero	5.2	40.87		2.77	5.557520230935552	5.2	5.2839966563652006	5.557520230935552	5.2839966563652006	5.557520230935552	5.2839966563652006	active
c1cccc(c12)[se]n(c2=O)-c3ccc(F)cc3	E2	E2	2.78			yes	25.0	3.0	DMSO	10.1021/acs.jmedchem.1c00566	FRET	Vero	16.7	40.87		2.78	5.555955204081924	16.7	4.777283528852417	5.555955204081924	4.777283528852417	5.555955204081924	4.777283528852417	active
c1c(F)c(F)c(F)cc1Cn(c(=O)n(c(=O)[nH]2)CC(=O)NC)/c2=N/c3ccc(cc3)OC	14	14	2.8			yes	6.0	8.0	DMSO	10.1021/acs.jmedchem.2c00117	FRET	Vero		40.87		2.8	5.552841968657781			5.552841968657781		5.552841968657781		active
N#CSCC(=O)N1c(cccc2)c2Sc(c13)ccc(c3)OC	3E	3E	2.899			yes	50.0	10.0	DMSO	10.1021/acs.jmedchem.3c00818	FRET			40.87		2.899	5.537751784645002			5.537751784645002		5.537751784645002		active
c1ncc(Cl)cc1OC(=O)c2cccc(c23)[nH]cc3	1	1	3			yes	200.0	2.0	DMSO	10.1021/acs.jmedchem.1c01214	FRET	Vero	0.25	40.87		3	5.522878745280337	0.25	6.6020599913279625	5.522878745280337	6.6020599913279625	5.522878745280337	6.6020599913279625	active
Oc1cc(O)cc(c12)oc(cc2=O)-c3ccc(O)cc3	SPE_K01493881	APIGENIN	3			yes	60.0	15.0	DMSO	10.1021/acsptsci.0c00216	FRET	Vero		40.87		3	5.522878745280337			5.522878745280337		5.522878745280337		active
c1c(O)ccc2c1nc(NCCN(C)C)c(c23)C(=O)c4c3cccc4	SPE_K09426783	TAS-103	3			yes	60.0	15.0	DMSO	10.1021/acsptsci.0c00216	FRET	Vero		40.87		3	5.522878745280337			5.522878745280337		5.522878745280337		active
c1ncc(Cl)cc1OC(=O)c2cc(C)cc(c23)[nH]cc3	7H	7H	3.1			yes	200.0	2.0	DMSO	10.1021/acs.jmedchem.1c01214	FRET	Vero	0.59	40.87		3.1	5.508638306165728	0.59	6.229147988357856	5.508638306165728	6.229147988357856	5.508638306165728	6.229147988357856	active
Cc1cc(C)cc(c1)N2C(=O)CC(C2=O)Sc3nnc[nH]3	EOS102248	WAY-308264	3.2			yes	60.0	15.0	DMSO	10.1021/acsptsci.0c00216	FRET	Vero		40.87		3.2	5.494850021680094			5.494850021680094		5.494850021680094		active
CCOC(=O)c1c(C)c(sc1N)-c2ccccc2	EOS102216	PD121351	3.2			yes	60.0	15.0	DMSO	10.1021/acsptsci.0c00216	FRET	Vero		40.87		3.2	5.494850021680094			5.494850021680094		5.494850021680094		active
N1C(=O)CN(CC1=O)C(C)CN(CC2=O)CC(=O)N2	DOM_SIM_488	RAZOXANE	3.2			yes	60.0	15.0	DMSO	10.1021/acsptsci.0c00216	FRET	Vero		40.87		3.2	5.494850021680094			5.494850021680094		5.494850021680094		active
c1c(F)ccc(OC)c1-n(c2=O)[se]c(c23)cccc3	E16	E16	3.3			yes	25.0	3.0	DMSO	10.1021/acs.jmedchem.1c00566	FRET	Vero	20	40.87		3.3	5.481486060122113	20.0	4.698970004336019	5.481486060122113	4.698970004336019	5.481486060122113	4.698970004336019	active
N#CSCC(=O)N1c(cccc2)c2Sc(c13)ccc(c3)C(=O)CC	3G	3G	3.333			yes	50.0	10.0	DMSO	10.1021/acs.jmedchem.3c00818	FRET			40.87		3.333	5.47716468633947			5.47716468633947		5.47716468633947		active
c1cc(O)c(O)cc1C[C@H](C(=O)O)OC(=O)/C=C/c2ccc(O)c(c23)O[C@@H](c4cc(O)c(O)cc4)[C@@H]3C(=O)O[C@@H](C(=O)O)Cc5cc(O)c(O)cc5	SPE_K18898553	SALVIANOLIC ACID B	3.4			yes	60.0	15.0	DMSO	10.1021/acsptsci.0c00216	FRET	Vero		40.87		3.4	5.468521082957745			5.468521082957745		5.468521082957745		active
c1cc(O)c(O)cc1CCOC(=O)CC2\C(=C\C)C(OC=C2C(=O)OC)OC(O3)C(O)C(O)C(O)C3CO	SPE_A00842753	OLEUROPEIN	3.4			yes	60.0	15.0	DMSO	10.1021/acsptsci.0c00216	FRET	Vero		40.87		3.4	5.468521082957745			5.468521082957745		5.468521082957745		active
FC(F)(F)COc1ccnc(c1C)CS(=O)c(n2)[nH]c(c23)cccc3	EOS101713	LANSOPRAZOLE	1.6			yes	60.0	15.0	DMSO	10.1021/acsptsci.0c00216	FRET	Vero		40.87		1.6	5.795880017344075			5.46627857861181		5.46627857861181		active
c1ncncc1CC(=O)N(Cc2cc(Cl)ccc2)c(cc3)ccc3-c4cn[nH]c4	43	43	3.442			yes	200.0	2.0	DMSO	10.1021/acs.jmedchem.1c00598	FRET	Vero		40.87		3.442	5.463189134008458			5.463189134008458		5.463189134008458		active
c1c(F)c(F)c(F)cc1Cn(c(=O)n(c(=O)[nH]2)CC(=O)NC)/c2=N/c(c(C)c3)cc(c34)sc(n4)C	15	15	3.5			yes	6.0	8.0	DMSO	10.1021/acs.jmedchem.2c00117	FRET	Vero		40.87		3.5	5.455931955649724			5.455931955649724		5.455931955649724		active
NNC(C)(C(=O)O)Cc1cc(O)c(O)cc1	SPE_A69512159	CARBIDOPA	3.6			yes	60.0	15.0	DMSO	10.1021/acsptsci.0c00216	FRET	Vero		40.87		3.6	5.443697499232713			5.443697499232713		5.443697499232713		active
C[C@H]1[C@H](O)[C@@H](O)[C@H](O)[C@@H](O1)Oc(c2=O)c(-c(cc3O)cc(O)c3O)oc(c24)cc(O)cc4O	SPE_K29834313	MYRICITRIN	3.7			yes	60.0	15.0	DMSO	10.1021/acsptsci.0c00216	FRET	Vero		40.87		3.7	5.431798275933005			5.431798275933005		5.431798275933005		active
N[Pt](Cl)(Cl)N	SPE_K69172251	CISPLATIN	3.8			no	60.0	15.0	DMSO	10.1021/acsptsci.0c00216	FRET	Vero		40.87		3.8	5.42021640338319			5.42021640338319		5.42021640338319		active
c1ncccc1C(C(=O)NC2CC2)N(C(=O)c3ccco3)c(cc4)ccc4C(C)(C)C	3	3	3.86			yes	5.3	20.0	DMSO	10.1021/acs.jmedchem.1c00509	FRET	Vero		75.41		3.86	5.413412695328245			5.413412695328245		5.413412695328245		active
c1cc(O)c(O)cc1\C=C\C(=O)O[C@@H](C(=O)O)Cc2cc(O)c(O)cc2	SPE_K20313525	ROSMARINIC ACID	3.9			yes	60.0	15.0	DMSO	10.1021/acsptsci.0c00216	FRET	Vero		40.87		3.9	5.4089353929735005			5.4089353929735005		5.4089353929735005		active
c1cc([N+]([O-])=O)ccc1/C=C(CS2(=O)=O)/C(=O)\C(C2)=C\c3ccc([N+]([O-])=O)cc3	EOS100557	UBIQUITIN ISOPEPTIDASE INHIBITOR I	3.9			yes	60.0	15.0	DMSO	10.1021/acsptsci.0c00216	FRET	Vero		40.87		3.9	5.4089353929735005			5.4089353929735005		5.4089353929735005		active
N#CSCC(=O)N1c(cccc2)c2Oc(c13)cccc3	3K	3K	3.961			yes	50.0	10.0	DMSO	10.1021/acs.jmedchem.3c00818	FRET		5.38	40.87		3.961	5.402195157595707	5.38	5.269217724333611	5.402195157595707	5.269217724333611	5.402195157595707	5.269217724333611	active
CS(=O)(=O)Nc(c1)ccc(c12)[nH]c(c2)C(=O)N3CCN(CC3)c(c4NC(C)C)nccc4	SPE_K34068325	DELAVIRDINE	4			yes	60.0	15.0	DMSO	10.1021/acsptsci.0c00216	FRET	Vero		40.87		4	5.3979400086720375			5.3979400086720375		5.3979400086720375		active
C1CCCC1NC(=O)C(c2cccnc2)N(C(=O)c3ccco3)c(cc4)ccc4-c5ccccc5	32	32	4.1			yes	5.3	20.0	DMSO	10.1021/acs.jmedchem.1c00509	FRET	Vero		75.41		4.1	5.3872161432802645			5.3872161432802645		5.3872161432802645		active
CC(C)(C)OC(=O)NCCc1nnc(o1)S(=O)(=O)Cc2c(Cl)cc(Cl)cc2	EOS102197	ML025	4.2			yes	60.0	15.0	DMSO	10.1021/acsptsci.0c00216	FRET	Vero		40.87		4.2	5.376750709602099			5.376750709602099		5.376750709602099		active
c1cccc(C(=O)O2)c1C23c4c(c(Br)c(O)c(Br)c4)Oc5c3cc(Br)c(c5Br)O	EOS102370	EOSIN	4.2			yes	60.0	15.0	DMSO	10.1021/acsptsci.0c00216	FRET	Vero		40.87		4.2	5.376750709602099			5.376750709602099		5.376750709602099		active
Oc1c(O)cc(cc1O)C(=O)c2c(O)c(O)c(O)cc2	SPE_K65716359	EXIFONE	4.4			no	60.0	15.0	DMSO	10.1021/acsptsci.0c00216	FRET	Vero		40.87		4.4	5.356547323513813			5.356547323513813		5.356547323513813		active
c1cc(O)c(O)cc1\C=C\C(=O)O[C@H]([C@H]2CO)[C@H](O[C@H](O3)[C@H](O)[C@H](O)[C@@H](O)[C@@H]3C)[C@@H](O)[C@@H](O2)OCCc4cc(O)c(O)cc4	SPE_K36201510	VERBASCOSIDE	4.5			yes	60.0	15.0	DMSO	10.1021/acsptsci.0c00216	FRET	Vero		40.87		4.5	5.346787486224656			5.346787486224656		5.346787486224656		active
Oc1c(O)c(O)cc(c12)cccc(=O)c2O	EOS102389	PURPUROGALLIN	4.6			yes	60.0	15.0	DMSO	10.1021/acsptsci.0c00216	FRET	Vero		40.87		4.6	5.337242168318426			5.337242168318426		5.337242168318426		active
N#CSCC(=O)N1c(cccc2)c2Sc(c13)ccc(C(F)(F)F)c3	3D	3D	4.601			yes	50.0	10.0	DMSO	10.1021/acs.jmedchem.3c00818	FRET		3.14	40.87		4.601	5.337147766735204	3.14	5.503070351926785	5.337147766735204	5.503070351926785	5.337147766735204	5.503070351926785	active
c1cccc(c12)n(nn2)CC(=O)N(CCC(C)C)c(cc3)ccc3-c4cccnc4	22	22	4.62			yes	200.0	2.0	DMSO	10.1021/acs.jmedchem.1c00598	FRET	Vero		40.87		4.62	5.335358024443875			5.335358024443875		5.335358024443875		active
n1ccncc1C(C(=O)NC(C)(C)C)N(C(=O)c2ccco2)c(cc3)ccc3C(C)(C)C	27	27	4.93			yes	5.3	20.0	DMSO	10.1021/acs.jmedchem.1c00509	FRET	Vero		75.41		4.93	5.30715308072277			5.30715308072277		5.30715308072277		active
c1ccccc1[C@H](C)NC(=O)C(c2cccnc2)N(C(=O)c3cnco3)c(cc4)ccc4-c5ccccc5	26	26	4.97			yes	5.3	20.0	DMSO	10.1021/acs.jmedchem.1c00509	FRET	Vero		75.41		4.97	5.303643611266668			5.303643611266668		5.303643611266668		active
c1cccc(c12)n(nn2)CC(=O)N(Cc3ccsc3)c4ccc(cc4)NC(=O)C5CC5	1	1	4.99			yes	200.0	2.0	DMSO	10.1021/acs.jmedchem.1c00598	FRET	Vero	19.9	40.87		4.99	5.30189945437661	19.9	4.701146923590294	5.30189945437661	4.701146923590294	5.30189945437661	4.701146923590294	active
CC(=O)c1ccc(cc1)NC(=O)/C=C/c2ccc(o2)CC	SPE_K49788188	HECLIN	5			yes	60.0	15.0	DMSO	10.1021/acsptsci.0c00216	FRET	Vero		40.87		5	5.301029995663981			5.301029995663981		5.301029995663981		active
c1cccc(c12)n(nn2)CC(=O)N(Cc3ccsc3)c(cc4)ccc4-c5c(OC)nccc5	16	16	5.07			yes	200.0	2.0	DMSO	10.1021/acs.jmedchem.1c00598	FRET	Vero		40.87		5.07	5.294992040666664			5.294992040666664		5.294992040666664		active
CCOc(cc1)ccc1Nc(n2)scc2-c(c(n3)C)n(c34)cccc4	SPE_K38860038	JK-184	5.1			yes	60.0	15.0	DMSO	10.1021/acsptsci.0c00216	FRET	Vero		40.87		5.1	5.292429823902063			5.292429823902063		5.292429823902063		active
COc(cc1)nc(c1[N+]([O-])=O)S(=O)(=O)c2ccc(Cl)cc2	EOS100136	TRI-1	5.1			yes	60.0	15.0	DMSO	10.1021/acsptsci.0c00216	FRET	Vero		40.87		5.1	5.292429823902063			5.292429823902063		5.292429823902063		active
c1cccc(c12)sc(n2)SN3CCOCC3	SPE_K97360717	N-OXYDIETHYLENEBENZOTHIAZOLE-2-SULFENAMIDE	5.1			no	60.0	15.0	DMSO	10.1021/acsptsci.0c00216	FRET	Vero		40.87		5.1	5.292429823902063			5.292429823902063		5.292429823902063		active
c1cc(C)ccc1C(=O)n(n2)c(N)nc2-c3cccnc3	EOS102148	3	5.1			yes	60.0	15.0	DMSO	10.1021/acsptsci.0c00216	FRET	Vero		40.87		5.1	5.292429823902063			5.292429823902063		5.292429823902063		active
c1ncccc1C(C(=O)NC(C)C)N(C(=O)c2ccco2)c(cc3)ccc3C(C)(C)C	2	2	5.37			yes	5.3	20.0	DMSO	10.1021/acs.jmedchem.1c00509	FRET	Vero		75.41		5.37	5.270025714300444			5.270025714300444		5.270025714300444		active
c1cc(Cl)c(Cl)cc1-c2c(sc(n2)N)-c3ccncc3	SPE_K82028950	CGH2466	5.4			no	60.0	15.0	DMSO	10.1021/acsptsci.0c00216	FRET	Vero		40.87		5.4	5.267606240177032			5.267606240177032		5.267606240177032		active
c1ccccc1[C@H](C)NC(=O)C(c2cccnc2)N(C(=O)c3ccco3)c4ccc(cc4)N5CCCCC5	16	16	5.46			yes	5.3	20.0	DMSO	10.1021/acs.jmedchem.1c00509	FRET	Vero		75.41		5.46	5.262807357295263			5.262807357295263		5.262807357295263		active
S=C=NCCCCS(=O)C	SPE_A58955223	SULFORAPHANE	5.5			yes	60.0	15.0	DMSO	10.1021/acsptsci.0c00216	FRET	Vero		40.87		5.5	5.259637310505756			5.259637310505756		5.259637310505756		active
CCCCCCCn(c1=O)[se]c(c12)cccc2	E28	E28	5.56			yes	25.0	3.0	DMSO	10.1021/acs.jmedchem.1c00566	FRET	Vero	17.3	40.87		5.56	5.2549252084179425	17.3	4.761953896871205	5.2549252084179425	4.761953896871205	5.2549252084179425	4.761953896871205	active
O=C(O)C(N)Cc1cc(O)c(O)cc1	EOS100941	LEVODOPA	5.6			yes	60.0	15.0	DMSO	10.1021/acsptsci.0c00216	FRET	Vero		40.87		5.6	5.251811972993799			5.251811972993799		5.251811972993799		active
O=C(O)C(O)Cc1cc(O)c(O)cc1	SPE_A93699261	SODIUM DANSHENSU	5.7			yes	60.0	15.0	DMSO	10.1021/acsptsci.0c00216	FRET	Vero		40.87		5.7	5.2441251443275085			5.2441251443275085		5.2441251443275085		active
c1ccccc1[C@H](C)NC(=O)C(c2cccnc2)N(C(=O)c3ccco3)c(cc4)ccc4C(C)(C)C	13	13	5.7			yes	5.3	20.0	DMSO	10.1021/acs.jmedchem.1c00509	FRET	Vero		75.41		5.7	5.2441251443275085			5.2441251443275085		5.2441251443275085		active
CC(=O)[O-][Pt+4]([Cl-])([Cl-])([NH3])([O-]C(=O)C)[NH2]C1CCCCC1	SPE_K42497885	SATRAPLATIN	5.7			yes	60.0	15.0	DMSO	10.1021/acsptsci.0c00216	FRET	Vero		40.87		5.7	5.2441251443275085			5.2441251443275085		5.2441251443275085		active
C1CC1NC(=O)C(=O)C(CCCC)NC(=O)C2N(C[C@@H]([C@@H]23)C3(C)C)C(=O)C(C(C)(C)C)NC(=O)NC4(CS(=O)(=O)C(C)(C)C)CCCCC4	NARLAPREVIR	NARLAPREVIR	5.73			yes	100.0	10.0	DMSO	10.1038/s41422-020-0356-z	FRET			40.87		5.73	5.24184537803261			5.24184537803261		5.24184537803261		active
C1CCCCC1NC(=O)C(c2cccnc2)N(C(=O)c3c[nH]cn3)c(cc4)ccc4-c5ccccc5	35	35	5.82			yes	5.3	20.0	DMSO	10.1021/acs.jmedchem.1c00509	FRET	Vero		75.41		5.82	5.235077015350112			5.235077015350112		5.235077015350112		active
c1cccc(c12)cccc2[C@](O)(CCN(C)C)[C@H](c3ccccc3)c(c4)c(OC)nc(c45)ccc(Br)c5	SPE_K90817094	BEDAQUILINE	4.4			no	60.0	15.0	DMSO	10.1021/acsptsci.0c00216	FRET	Vero		40.87		4.4	5.356547323513813			5.235028299170665		5.235028299170665		active
CCOC(=S)SSC(=S)OCC	SPE_K05919151	DIXANTHOGEN	6			yes	60.0	15.0	DMSO	10.1021/acsptsci.0c00216	FRET	Vero		40.87		6	5.221848749616356			5.221848749616356		5.221848749616356		active
c1cc([N+]([O-])=O)ccc1CCN(C)Cc2c(O)c(OC)cc(c2)N(C)C	EOS100216	BN82002	6.1			yes	60.0	15.0	DMSO	10.1021/acsptsci.0c00216	FRET	Vero		40.87		6.1	5.214670164989233			5.214670164989233		5.214670164989233		active
CCc1ccc(cc1)-n(c2=O)[se]c(c23)cccc3	E18	E18	6.18			yes	25.0	3.0	DMSO	10.1021/acs.jmedchem.1c00566	FRET	Vero	6.5	40.87		6.18	5.209011524911184	6.5	5.187086643357144	5.209011524911184	5.187086643357144	5.209011524911184	5.187086643357144	active
N1C(=O)CN(CC1=O)[C@@H](C)CN(CC2=O)CC(=O)N2	DOM_SIM_486	DEXRAZOXANE HYDROCHLORIDE 	6.2			yes	60.0	15.0	DMSO	10.1021/acsptsci.0c00216	FRET	Vero		40.87		6.2	5.2076083105017466			5.2076083105017466		5.2076083105017466		active
[nH]1c(=O)[nH]c(=O)cc1C(=O)N2CCN(CC2)c(cc3)cc(Cl)c3C=O	HL-3-70	HL-3-70	6.2			yes	250.0	40.0	DMSO	10.1021/acs.jmedchem.1c01475	FRET			24.0		6.2	5.2076083105017466			5.2076083105017466		5.2076083105017466		active
CSC(\N)=C(C#N)\C(C#N)=C(/N)SC	SPE_K63169195	U-0124	6.2			no	60.0	15.0	DMSO	10.1021/acsptsci.0c00216	FRET	Vero		40.87		6.2	5.2076083105017466			5.2076083105017466		5.2076083105017466		active
OC[C@@H]1[C@@H](O)[C@@H](O)[C@@H](O1)n(cn2)c(c23)nc(N)nc3S	SPE_K75649340	THIOGUANOSINE	6.3			no	60.0	15.0	DMSO	10.1021/acsptsci.0c00216	FRET	Vero	4	40.87		6.3	5.200659450546419	4.0	5.3979400086720375	5.200659450546419	5.3979400086720375	5.200659450546419	5.3979400086720375	active
c1cccc(c12)[se]n(c2=O)-c3ccc(Cl)cc3	E15	E15	6.4			yes	25.0	3.0	DMSO	10.1021/acs.jmedchem.1c00566	FRET	Vero	11.2	40.87		6.4	5.1938200260161125	11.2	4.950781977329818	5.1938200260161125	4.950781977329818	5.1938200260161125	4.950781977329818	active
[nH]1c(=O)[nH]c(=O)cc1C(=O)N2CCN(CC2)c(cc3)cc(Cl)c3C(F)(F)F	HL-3-63	HL-3-63	6.4			yes	250.0	40.0	DMSO	10.1021/acs.jmedchem.1c01475	FRET			24.0		6.4	5.1938200260161125			5.1938200260161125		5.1938200260161125		active
n1cccc(c12)cccc2O[Ga](Oc3cccc(c34)cccn4)Oc5cccc(c56)cccn6	SPE_K46648676	GALLIUM-TRIQUINOLIN-8-OLATE	6.5			yes	60.0	15.0	DMSO	10.1021/acsptsci.0c00216	FRET	Vero		40.87		6.5	5.187086643357144			5.187086643357144		5.187086643357144		active
c1ccc(O)cc1-c(c(n2)ccc23)c4ccc([nH]4)c(-c5cc(O)ccc5)c6nc(CC6)c(-c7cc(O)ccc7)c8ccc([nH]8)c3-c9cc(O)ccc9	SPE_K63712959	TEMOPORFIN	6.6			no	60.0	15.0	DMSO	10.1021/acsptsci.0c00216	FRET	Vero		40.87		6.6	5.180456064458132			5.180456064458132		5.180456064458132		active
n1cc(C)c(OC)c(C)c1CS(=O)c(n2)n(c(c23)ccc(c3)OC)[Mg]n(c(c45)ccc(c4)OC)c(n5)S(=O)Cc6c(C)c(c(C)cn6)OC	SPE_A56892734	ESOMEPRAZOLE MAGNESIUM TRIHYDRATE	6.9			yes	60.0	15.0	DMSO	10.1021/acsptsci.0c00216	FRET	Vero		40.87		6.9	5.161150909262744			5.161150909262744		5.161150909262744		active
CCCC[C@@H](C=O)NC(=O)[C@H](CC(C)C)NC(=O)OCc1ccccc1	EOS100250	CALPEPTIN	4.7			yes	60.0	15.0	DMSO	10.1021/acsptsci.0c00216	FRET	Vero		40.87		4.7	5.327902142064283			5.143254728453028		5.143254728453028		active
C1CCCC1NC(=O)C(c2cccnc2)N(C(=O)c3c[nH]cn3)c(cc4)ccc4-c5ccccc5	33	33	7.27			yes	5.3	20.0	DMSO	10.1021/acs.jmedchem.1c00509	FRET	Vero		75.41		7.27	5.138465589140962			5.138465589140962		5.138465589140962		active
c1cccc(c1C)-n(c2=O)[se]c(c23)cccc3	E23	E23	7.43			yes	25.0	3.0	DMSO	10.1021/acs.jmedchem.1c00566	FRET	Vero	20.7	40.87		7.43	5.129011186239425	20.7	4.684029654543083	5.129011186239425	4.684029654543083	5.129011186239425	4.684029654543083	active
COc(cc1)ccc1NC(=O)C(c2cccnc2)N(C(=O)c3ccco3)c(cc4)ccc4C(C)(C)C	8	8	7.49			yes	5.3	20.0	DMSO	10.1021/acs.jmedchem.1c00509	FRET	Vero		75.41		7.49	5.125518182300533			5.125518182300533		5.125518182300533		active
c1cnccc1C(=O)/C=C/c(cc2)nc(c23)cc(C(F)(F)F)cc3	SPE_K28010364	PFK-158	7.7			yes	60.0	15.0	DMSO	10.1021/acsptsci.0c00216	FRET	Vero		40.87		7.7	5.113509274827518			5.113509274827518		5.113509274827518		active
c1cc(F)ccc1NC(=O)C(c2cccnc2)N(C(=O)c3ccco3)c(cc4)ccc4C(C)(C)C	7	7	7.81			yes	5.3	20.0	DMSO	10.1021/acs.jmedchem.1c00509	FRET	Vero		75.41		7.81	5.1073489661227			5.1073489661227		5.1073489661227		active
c1ncc(Cl)cc1OC(=O)c(c2)[nH]c(c23)cccc3OC	7C	7C	8.1			yes	200.0	2.0	DMSO	10.1021/acs.jmedchem.1c01214	FRET	Vero	0.9	40.87		8.1	5.0915149811213505	0.9	6.045757490560675	5.0915149811213505	6.045757490560675	5.0915149811213505	6.045757490560675	active
c1cccc(c12)n(nn2)CNC(=O)C(c3cccnc3)N(C(=O)c4ccco4)c(cc5)ccc5C(C)(C)C	10	10	8.13			yes	5.3	20.0	DMSO	10.1021/acs.jmedchem.1c00509	FRET	Vero		75.41		8.13	5.089909454405932			5.089909454405932		5.089909454405932		active
c1cccc(c12)n(nn2)CC(=O)N(Cc3cc(Cl)c(F)cc3)c(cc4)ccc4-c5cccnc5	29	29	8.53			yes	200.0	2.0	DMSO	10.1021/acs.jmedchem.1c00598	FRET	Vero		40.87		8.53	5.069050968832477			5.069050968832477		5.069050968832477		active
c1c(F)c(F)c(F)cc1Cn(c(=O)n(c(=O)[nH]2)CC(=O)NC)/c2=N/c(c3C)ccc(c3)OC(F)F	1	1	8.6			yes	6.0	8.0	DMSO	10.1021/acs.jmedchem.2c00117	FRET	Vero		40.87		8.6	5.0655015487564325			5.0655015487564325		5.0655015487564325		active
s1cccc1C(=O)NCCCNc(c2I)nc(nc2)Nc(ccc3)cc3NC(=O)N4CCCC4	SPE_K47983010	BX-795				yes	60.0	15.0	DMSO	10.1021/acsptsci.0c00216	FRET	Vero		40.87						5.060480747381382		5.060480747381382		active
c1cccc(c12)n(nn2)CC(=O)N(Cc3ccsc3)c4ccc(cc4)NS(=O)(=O)C5CC5	13	13	8.77			yes	200.0	2.0	DMSO	10.1021/acs.jmedchem.1c00598	FRET	Vero		40.87		8.77	5.05700040663396			5.05700040663396		5.05700040663396		active
COc(cc1)c(OC)cc1C(=O)n(n2)c(N)nc2-c3ccccc3	EOS102141	PD119466	8.8			yes	60.0	15.0	DMSO	10.1021/acsptsci.0c00216	FRET	Vero		40.87		8.8	5.055517327849832			5.055517327849832		5.055517327849832		active
[nH]1c(=O)[nH]c(=O)cc1C(=O)N(CC2)CCC2c(c3)ccc(Cl)c3Cl	HL-3-69	HL-3-69	8.8			yes	250.0	40.0	DMSO	10.1021/acs.jmedchem.1c01475	FRET			24.0		8.8	5.055517327849832			5.055517327849832		5.055517327849832		active
c1ncccc1CSc2ncccn2	DOM_SIM_440	TASULDINE 	9			yes	60.0	15.0	DMSO	10.1021/acsptsci.0c00216	FRET	Vero		40.87		9	5.045757490560675			5.045757490560675		5.045757490560675		active
C1CCC1CC(C(=O)C(=O)N)NC(=O)[C@H]2N(C[C@@H]([C@@H]23)C3(C)C)C(=O)[C@H](C(C)(C)C)NC(=O)NC(C)(C)C	EOS101823	BOCEPREVIR	20			yes	60.0	15.0	DMSO	10.1021/acsptsci.0c00216	FRET	Vero		40.87		20	4.698970004336019			5.043093073808142	5.886056647693163	5.043093073808142	5.886056647693163	active
Nc1c(S(=O)(=O)O)cc(S(=O)(=O)O)c(c12)ccc(c2O)\N=N\c(c3C)ccc(c3)-c(c4)ccc(c4C)/N=N/c(c5O)ccc(c56)c(S(=O)(=O)O)cc(c6N)S(=O)(=O)O	SPE_K24548560	EVANS BLUE	9.1			yes	60.0	15.0	DMSO	10.1021/acsptsci.0c00216	FRET	Vero		40.87		9.1	5.040958607678906			5.040958607678906		5.040958607678906		active
N=C(N)N=Nc1ccc(cc1)NNC(=N)S	SPE_K11244467	AMBAZONE	9.3			yes	60.0	15.0	DMSO	10.1021/acsptsci.0c00216	FRET	Vero		40.87		9.3	5.031517051446065			5.031517051446065		5.031517051446065		active
N#CC(C)(C)n(n1)cc(c1C)Nc(nc2)nc(c2C(F)(F)F)NC	EOS100973	GNE-0877	9.5			yes	60.0	15.0	DMSO	10.1021/acsptsci.0c00216	FRET	Vero		40.87		9.5	5.022276394711152			5.022276394711152		5.022276394711152		active
Clc1c(Cl)ccc(c1)N2CCN(C(=O)c3cccnc3)C[C@H]2C(=O)NS(=O)(=O)c4cccs4	GC-14A	GC-14A	9.5			yes	1500.0	500.0	DMSO	10.1021/acs.jmedchem.3c01876	FRET	Vero		24.0		9.5	5.022276394711152			5.022276394711152		5.022276394711152		active
c1cccc(c12)n(nn2)CC(=O)N(Cc3ccsc3)c(cc4)ccc4-c5cn(C)cn5	20	20	9.55			yes	200.0	2.0	DMSO	10.1021/acs.jmedchem.1c00598	FRET	Vero		40.87		9.55	5.019996628416254			5.019996628416254		5.019996628416254		active
Nc1c(S(=O)(=O)O)cc(S(=O)(=O)O)c(c12)ccc(c2O)/N=N/c(cc3)c(OC)cc3-c4cc(OC)c(cc4)\N=N\c(c5O)ccc(c56)c(S(=O)(=O)O)cc(c6N)S(=O)(=O)O	SPE_K56483981	CHICAGO-SKY-BLUE-6B	9.8			yes	60.0	15.0	DMSO	10.1021/acsptsci.0c00216	FRET	Vero		40.87		9.8	5.008773924307505			5.008773924307505		5.008773924307505		active
c1ccc(OC)cc1-n(c2=O)[se]c(c23)cccc3	E26	E26	10			yes	25.0	3.0	DMSO	10.1021/acs.jmedchem.1c00566	FRET	Vero	15.1	40.87		10	5.0	15.1	4.82102305270683	5.0	4.82102305270683	5.0	4.82102305270683	active
c1cccc(SC)c1-n(c2=O)[se]c(c23)cccc3	E3	E3	10			yes	25.0	3.0	DMSO	10.1021/acs.jmedchem.1c00566	FRET	Vero	20	40.87		10	5.0	20.0	4.698970004336019	5.0	4.698970004336019	5.0	4.698970004336019	active
c1c(Cl)ccc(OC)c1-n(c2=O)[se]c(c23)cccc3	E14	E14	10			yes	25.0	3.0	DMSO	10.1021/acs.jmedchem.1c00566	FRET	Vero	20	40.87		10	5.0	20.0	4.698970004336019	5.0	4.698970004336019	5.0	4.698970004336019	active
Cc1c(C)ccc(c1)-n(c2=O)[se]c(c23)cccc3	E5	E5	10			yes	25.0	3.0	DMSO	10.1021/acs.jmedchem.1c00566	FRET	Vero	12.2	40.87		10	5.0	12.2	4.913640169325252	5.0	4.913640169325252	5.0	4.913640169325252	active
COc(cc1)ccc1Cn(c2=O)[se]c(c23)cccc3	E12	E12	10			yes	25.0	3.0	DMSO	10.1021/acs.jmedchem.1c00566	FRET	Vero	20	40.87		10	5.0	20.0	4.698970004336019	5.0	4.698970004336019	5.0	4.698970004336019	active
c1cc(Cl)cc(OC(F)(F)F)c1-n(c2=O)[se]c(c23)cccc3	E13	E13	10			yes	25.0	3.0	DMSO	10.1021/acs.jmedchem.1c00566	FRET	Vero	20	40.87		10	5.0	20.0	4.698970004336019	5.0	4.698970004336019	5.0	4.698970004336019	active
c1c(F)ccc(c1C(F)(F)F)-n(c2=O)[se]c(c23)cccc3	E10	E10	10			yes	25.0	3.0	DMSO	10.1021/acs.jmedchem.1c00566	FRET	Vero	20	40.87		10	5.0	20.0	4.698970004336019	5.0	4.698970004336019	5.0	4.698970004336019	active
FC(F)(F)c1ccc(cc1)Cn(c2=O)[se]c(c23)cccc3	E9	E9	10			yes	25.0	3.0	DMSO	10.1021/acs.jmedchem.1c00566	FRET	Vero	11.2	40.87		10	5.0	11.2	4.950781977329818	5.0	4.950781977329818	5.0	4.950781977329818	active
c1cccc(c12)[se]n(c2=O)-c3c(F)cccc3	E8	E8	10			yes	25.0	3.0	DMSO	10.1021/acs.jmedchem.1c00566	FRET	Vero	20	40.87		10	5.0	20.0	4.698970004336019	5.0	4.698970004336019	5.0	4.698970004336019	active
CCCCCn(c1=O)[se]c(c12)cccc2	E30	E30	10			yes	25.0	3.0	DMSO	10.1021/acs.jmedchem.1c00566	FRET	Vero	20	40.87		10	5.0	20.0	4.698970004336019	5.0	4.698970004336019	5.0	4.698970004336019	active
C[C@]12[C@@H](O2)[C@@H]3[C@H](C(=C)C(=O)O3)CCC(\C)=C\CC1	DOM_SIM_537	PARTHENOLIDE	10			yes	60.0	15.0	DMSO	10.1021/acsptsci.0c00216	FRET	Vero		40.87		10	5.0			5.0		5.0		active
CCN(C([S-])=S)CC	SPE_K40654626	DITIOCARB-SODIUM-TRIHYDRATE	10.3			yes	60.0	15.0	DMSO	10.1021/acsptsci.0c00216	FRET	Vero		40.87		10.3	4.987162775294828			4.987162775294828		4.987162775294828		inactive
c1cccc(c1[C@@]234)N5C2[C@H]6[C@@H]7C(CN(C3C7)CC4)=CCOC6CC5=O	SPE_A09094913	STRYCHNINE SULFATE	10.4			yes	60.0	15.0	DMSO	10.1021/acsptsci.0c00216	FRET	Vero		40.87		10.4	4.982966660701219			4.982966660701219		4.982966660701219		inactive
s1cccc1C(=O)c2c([n+]([O-])on2)C(=O)c3cccs3	EOS101119	HC-056456	10.7			yes	60.0	15.0	DMSO	10.1021/acsptsci.0c00216	FRET	Vero		40.87		10.7	4.97061622231479			4.97061622231479		4.97061622231479		inactive
c1ncccc1C(C(=O)NC(C)(C)C)N(C(=O)c2ccco2)c(cc3)ccc3C(C)(C)C	1	1	10.96			yes	5.3	20.0	DMSO	10.1021/acs.jmedchem.1c00509	FRET	Vero	> 20	75.41		10.96	4.96018944585165			4.96018944585165		4.96018944585165		inactive
c1cc(Cl)ccc1C(=O)CN(C)CCCN(c(c23)cccc2)c4c(CC3)cccc4	SPE_K82147103	LOFEPRAMINE	11.4			no	60.0	15.0	DMSO	10.1021/acsptsci.0c00216	FRET	Vero		40.87		11.4	4.943095148663527			4.943095148663527		4.943095148663527		inactive
c1cnccc1C(=O)/C=C/c(cc2)nc(c23)cccc3	SPE_K95573441	PFK-015	6.5			no	60.0	15.0	DMSO	10.1021/acsptsci.0c00216	FRET	Vero		40.87		6.5	5.187086643357144			4.9430283238465815		4.9430283238465815		inactive
COC(=O)C1=C(C)NC(C)=C(C(=O)OC)C1c2c([N+]([O-])=O)cccc2	SPE_K96354014	NIFEDIPINE	20			no	60.0	15.0	DMSO	10.1021/acsptsci.0c00216	FRET	Vero		40.87		20	4.698970004336019			4.939713034397075		4.939713034397075		inactive
Oc1cccc(c12)C(=O)C=CC2=O	EOS102329	JUGLONE	11.5			yes	60.0	15.0	DMSO	10.1021/acsptsci.0c00216	FRET	Vero		40.87		11.5	4.939302159646388			4.939302159646388		4.939302159646388		inactive
c1ncc(Cl)cc1OC(=O)c2cccc(c23)n(CC=C)cc3CC=C	7E	7E	11.5			yes	200.0	2.0	DMSO	10.1021/acs.jmedchem.1c01214	FRET	Vero	0.38	40.87		11.5	4.939302159646388	0.38	6.42021640338319	4.939302159646388	6.42021640338319	4.939302159646388	6.42021640338319	inactive
BrCC(=O)C(=O)O	SPE_K92980438	3-BROMOPYRUVIC_ACID	11.5			no	60.0	15.0	DMSO	10.1021/acsptsci.0c00216	FRET	Vero		40.87		11.5	4.939302159646388			4.939302159646388		4.939302159646388		inactive
O=C(O)/C=C1/N(C)C(=O)C(S1)N2CCCCC2	SPE_A72297358	OZOLINONE	11.6			yes	60.0	15.0	DMSO	10.1021/acsptsci.0c00216	FRET	Vero		40.87		11.6	4.935542010773082			4.935542010773082		4.935542010773082		inactive
CC[N+](CC)=C(C=C1)C=CC1=C(c2ccccc2)c3ccc(cc3)N(CC)CC	SPE_K60348325	BRILLIANT GREEN	11.6			no	60.0	15.0	DMSO	10.1021/acsptsci.0c00216	FRET	Vero		40.87		11.6	4.935542010773082			4.935542010773082		4.935542010773082		inactive
c1ncccc1C(C(=O)NC2CC2)N(C(=O)c3ccco3)c(cc4)ccc4-c5ccccc5	30	30	12.09			yes	5.3	20.0	DMSO	10.1021/acs.jmedchem.1c00509	FRET	Vero		75.41		12.09	4.917573699139228			4.917573699139228		4.917573699139228		inactive
CC(C)C[C@@H](C=O)NC(=O)[C@H](CC(C)C)NC(=O)[C@H](CC(C)C)NC(=O)OCc1ccccc1	EOS101130	MG-132	20			yes	60.0	15.0	DMSO	10.1021/acsptsci.0c00216	FRET	Vero	0.4	40.87		20	4.698970004336019	0.4	6.3979400086720375	4.914869142302521	6.3979400086720375	4.914869142302521	6.3979400086720375	inactive
COC(=O)/C=C/c1c(O)ccc(c1)O	SPE_K35573744	ERBSTATIN-ANALOG	13			yes	60.0	15.0	DMSO	10.1021/acsptsci.0c00216	FRET	Vero		40.87		13	4.886056647693163			4.886056647693163		4.886056647693163		inactive
c1ccccc1CNC(=O)C(c2cccnc2)N(C(=O)c3ccco3)c(cc4)ccc4C(C)(C)C	12	12	13.24			yes	5.3	20.0	DMSO	10.1021/acs.jmedchem.1c00509	FRET	Vero		75.41		13.24	4.878112014896319			4.878112014896319		4.878112014896319		inactive
C1CC1S(=O)(=O)NC(=O)[C@]23[C@H](C2)/C=C\CCCCN(C)C(=O)[C@H]4[C@H](C(=O)N3)C[C@H](C4)Oc5cc(-c(n6)scc6C(C)C)nc(c57)c(C)c(cc7)OC	SIMEPREVIR	SIMEPREVIR	13.7			yes	100.0	10.0	DMSO	10.1038/s41422-020-0356-z	FRET			40.87		13.7	4.863279432843593			4.863279432843593		4.863279432843593		inactive
c1ncc(Cl)cc1OC(=O)c2cc(F)cc(c23)[nH]cc3	7I	7I	14			yes	200.0	2.0	DMSO	10.1021/acs.jmedchem.1c01214	FRET	Vero	0.87	40.87		14	4.853871964321762	0.87	6.060480747381382	4.853871964321762	6.060480747381382	4.853871964321762	6.060480747381382	inactive
Cc1ccc(cc1)S(=O)(=O)c(o2)ccc2[N+]([O-])=O	SPE_K20605374	NSC697923	14.6			yes	60.0	15.0	DMSO	10.1021/acsptsci.0c00216	FRET	Vero		40.87		14.6	4.835647144215563			4.835647144215563		4.835647144215563		inactive
[O-][N+](=O)\C=C\c(c1)ccc(c12)OCO2	SPE_K42205652	MNS	14.9			yes	60.0	15.0	DMSO	10.1021/acsptsci.0c00216	FRET	Vero		40.87		14.9	4.826813731587726			4.826813731587726		4.826813731587726		inactive
c1ncc(Cl)cc1OC(=O)c2cccc(c23)n(cc3)CC=C	7D	7D	15			yes	200.0	2.0	DMSO	10.1021/acs.jmedchem.1c01214	FRET	Vero	0.073	40.87		15	4.823908740944319	0.073	7.136677139879544	4.823908740944319	7.136677139879544	4.823908740944319	7.136677139879544	inactive
c1ncc(Cl)cc1OC(=O)c2cccc(c23)NCC3	2	2	15			yes	200.0	2.0	DMSO	10.1021/acs.jmedchem.1c01214	FRET	Vero	0.32	40.87		15	4.823908740944319	0.32	6.494850021680094	4.823908740944319	6.494850021680094	4.823908740944319	6.494850021680094	inactive
O=C1C(C)=CC(=O)c(c12)cccc2	SPE_K78126613	MENADIONE	11.6			no	60.0	15.0	DMSO	10.1021/acsptsci.0c00216	FRET	Vero		40.87		11.6	4.935542010773082			4.81725600755455		4.81725600755455		inactive
c1cccc(c12)n(nn2)CC(=O)N(Cc3ccsc3)c(cc4)ccc4C(=O)NC5CC5	11	11	15.94			yes	200.0	2.0	DMSO	10.1021/acs.jmedchem.1c00598	FRET	Vero		40.87		15.94	4.7975116829399065			4.7975116829399065		4.7975116829399065		inactive
c1cc(F)ccc1Cn(c(=O)n(c(=O)[nH]2)CC(=O)NC)/c2=N/c(c(C)c3)cc(c34)sc(n4)C	19	19	16			yes	6.0	8.0	DMSO	10.1021/acs.jmedchem.2c00117	FRET	Vero		40.87		16	4.795880017344075			4.795880017344075		4.795880017344075		inactive
Oc1cc(O)cc(c12)O[C@@H]([C@@H](C2)O)c(c3)ccc(O)c3O	EOS100906	(-)-EPICATECHIN				yes	60.0	15.0	DMSO	10.1021/acsptsci.0c00216	FRET	Vero		40.87						4.772113295386327		4.772113295386327		inactive
c1ccccc1[C@@H](N)C(=O)N[C@@H]2C(=O)N([C@@H]23)C(C(=O)O)=C(Cl)CS3	SPE_K20338176	CEFACLOR	17.6			yes	60.0	15.0	DMSO	10.1021/acsptsci.0c00216	FRET	Vero		40.87		17.6	4.7544873321858505			4.7544873321858505		4.7544873321858505		inactive
CC(=O)O/N=C\1C(=O)N(c(c12)ccc(Cl)c2)Cc3c(Cl)ccc(Cl)c3	SPE_K94485812	LDN-57444	17.9			no	60.0	15.0	DMSO	10.1021/acsptsci.0c00216	FRET	Vero		40.87		17.9	4.747146969020107			4.747146969020107		4.747146969020107		inactive
c1cccc(c12)n(nn2)CC(=O)N(Cc3ccsc3)c4ccccc4	9	9	18.87			yes	200.0	2.0	DMSO	10.1021/acs.jmedchem.1c00598	FRET	Vero		40.87		18.87	4.724228099835068			4.724228099835068		4.724228099835068		inactive
C1CN(C)CC2N1c(cccc3)c3Cc(c24)cccc4	SPE_A19661776	MIANSERIN HYDROCHLORIDE	19.2			yes	60.0	15.0	DMSO	10.1021/acsptsci.0c00216	FRET	Vero		40.87		19.2	4.716698771296451			4.716698771296451		4.716698771296451		inactive
Clc1cncc(c1C)OC(=O)c2cccc(c23)[nH]cc3	9D	9D	19.3			yes	200.0	2.0	DMSO	10.1021/acs.jmedchem.1c01214	FRET	Vero	2.22	40.87		19.3	4.714442690992226	2.22	5.653647025549361	4.714442690992226	5.653647025549361	4.714442690992226	5.653647025549361	inactive
c1cc(Cl)ccc1C(=O)c2c(ccc(c2)[N+]([O-])=O)N3CCOCC3	EOS102282	WAY-113583	20			yes	60.0	15.0	DMSO	10.1021/acsptsci.0c00216	FRET	Vero		40.87		20	4.698970004336019			4.698970004336019		4.698970004336019		inactive
O=C(O)c1c(Cl)ccc(c1)NC(S2)=NC(=O)/C2=C\c3ccc(o3)-c(c4)c([N+]([O-])=O)cc(C)c4C	EOS102106	PT 1	20			yes	60.0	15.0	DMSO	10.1021/acsptsci.0c00216	FRET	Vero		40.87		20	4.698970004336019			4.698970004336019		4.698970004336019		inactive
[nH]1c(=O)[nH]c(=O)cc1C(=O)N2CCN(CC2)c(cc3)ccc3CO	HL-3-49	HL-3-49	20			yes	250.0	40.0	DMSO	10.1021/acs.jmedchem.1c01475	FRET			24.0		20	4.698970004336019			4.698970004336019		4.698970004336019		inactive
FC(F)Oc(c1)ccc(c12)nc([n-]2)S(=O)Cc3c(OC)c(ccn3)OC	SPE_A22380646	PANTOPRAZOLE	20			yes	60.0	15.0	DMSO	10.1021/acsptsci.0c00216	FRET	Vero		40.87		20	4.698970004336019			4.698970004336019		4.698970004336019		inactive
O=C(O)c1c(O)ccc(c1)C(=C(C=CC2=O)C=C2C(=O)O)c(c3)ccc(O)c3C(=O)O	EOS102317	AURINTRICARBOXYLIC ACID	20			yes	60.0	15.0	DMSO	10.1021/acsptsci.0c00216	FRET	Vero		40.87		20	4.698970004336019			4.698970004336019		4.698970004336019		inactive
Clc1c(Cl)c(Cl)c(Cl)c(c1C([O-])=O)-c2c(cc(I)c(=O)c3I)c3oc(c24)c(I)c([O-])c(I)c4	EOS102440	ROSE BENGAL	20			yes	60.0	15.0	DMSO	10.1021/acsptsci.0c00216	FRET	Vero		40.87		20	4.698970004336019			4.698970004336019		4.698970004336019		inactive
O=C(O)C(N)Cc1c(O)cc(O)c(c1)O	EOS102461	6-HYDROXY-DL-DOPA	20			yes	60.0	15.0	DMSO	10.1021/acsptsci.0c00216	FRET	Vero		40.87		20	4.698970004336019			4.698970004336019		4.698970004336019		inactive
COc(c1)ccc(c12)[nH]c(n2)S	EOS102042	5-METHOXYBENZIMIDAZOLE-2-THIOL	20			yes	60.0	15.0	DMSO	10.1021/acsptsci.0c00216	FRET	Vero		40.87		20	4.698970004336019			4.698970004336019		4.698970004336019		inactive
NC(=O)C(C1=O)C(=O)[C@@H](N(C)C)[C@@H]([C@@]12O)[C@@H](O)[C@H]3C(C2=O)C(=O)c4c(C3=C)cccc4O	SPE_A49035384	METHACYCLINE HYDROCHLORIDE	20			yes	60.0	15.0	DMSO	10.1021/acsptsci.0c00216	FRET	Vero		40.87		20	4.698970004336019			4.698970004336019		4.698970004336019		inactive
n1cc(C)c(OC)c(C)c1CS(=O)c(n2)[nH]c(c23)cc(cc3)OC	SPE_A55962179	OMEPRAZOLE	20			yes	60.0	15.0	DMSO	10.1021/acsptsci.0c00216	FRET	Vero		40.87		20	4.698970004336019			4.698970004336019		4.698970004336019		inactive
COc(c1)c(OC)c(OC)cc1CC2NCCc(c23)cc(O)c(c3)O	SPE_A56241705	TRIMETHOQUINOL	20			yes	60.0	15.0	DMSO	10.1021/acsptsci.0c00216	FRET	Vero		40.87		20	4.698970004336019			4.698970004336019		4.698970004336019		inactive
c1c(O)c(O)cc(c12)CCN(CC=C)CC2c3ccccc3	SPE_A64227845	SKF-77434	20			yes	60.0	15.0	DMSO	10.1021/acsptsci.0c00216	FRET	Vero		40.87		20	4.698970004336019			4.698970004336019		4.698970004336019		inactive
CC(C)=CC[C@@H](O1)[C@@]1(C)C([C@@]23CO3)[C@H](OC)[C@@H](CC2)OC(=O)NC(=O)CCl	SPE_A78111609	TNP-470	20			yes	60.0	15.0	DMSO	10.1021/acsptsci.0c00216	FRET	Vero		40.87		20	4.698970004336019			4.698970004336019		4.698970004336019		inactive
c1cc(O)c(O)cc1CC(C)C(C)Cc2cc(O)c(O)cc2	SPE_A87130939	NORDIHYDROGUAIARETIC_ACID				yes	60.0	15.0	DMSO	10.1021/acsptsci.0c00216	FRET	Vero		40.87						4.698970004336019		4.698970004336019		inactive
o1c(S)nnc1-c2c(Cl)cccc2	EOS102092	WAY-231395	20			yes	60.0	15.0	DMSO	10.1021/acsptsci.0c00216	FRET	Vero		40.87		20	4.698970004336019			4.698970004336019		4.698970004336019		inactive
c1ccccc1C(=O)NC(=S)N(CCC2)c(c23)cccc3	EOS102037	WAY-119574	20			yes	60.0	15.0	DMSO	10.1021/acsptsci.0c00216	FRET	Vero		40.87		20	4.698970004336019			4.698970004336019		4.698970004336019		inactive
S=C=NCc1ccccc1	EOS101023	BENZYL ISOTHIOCYANATE	20			yes	60.0	15.0	DMSO	10.1021/acsptsci.0c00216	FRET	Vero		40.87		20	4.698970004336019			4.698970004336019		4.698970004336019		inactive
O=C(O)\C=C(C)\C=C\C=C(C)\C=C\C(C1(C)C)=C(C)CCC1	DOM_SIM_133	TRETINOIN 	20			yes	60.0	15.0	DMSO	10.1021/acsptsci.0c00216	FRET	Vero		40.87		20	4.698970004336019			4.698970004336019		4.698970004336019		inactive
NC[C@H](O)c1cc(O)c(O)cc1	DOM_SIM_280	NORADRENALINE	20			yes	60.0	15.0	DMSO	10.1021/acsptsci.0c00216	FRET	Vero		40.87		20	4.698970004336019			4.698970004336019		4.698970004336019		inactive
Clc1c(O)c(O)cc(c12)C(CNCC2)c3ccc(O)cc3	DOM_SIM_434	FENOLDOPAM MESILATE 	20			yes	60.0	15.0	DMSO	10.1021/acsptsci.0c00216	FRET	Vero		40.87		20	4.698970004336019			4.698970004336019		4.698970004336019		inactive
Nc1c(S([O-])(=O)=O)cc(S([O-])(=O)=O)c(c12)ccc(c2O)\N=N\c(c3C)ccc(c3)-c(c4)ccc(c4C)/N=N/c(c5O)ccc(c56)c(S([O-])(=O)=O)cc(S([O-])(=O)=O)c6N	EOS100588	EVANS BLUE	20			yes	60.0	15.0	DMSO	10.1021/acsptsci.0c00216	FRET	Vero		40.87		20	4.698970004336019			4.698970004336019		4.698970004336019		inactive
n1oc(C)cc1C(=O)N[C@@H](C(C)C)C(=O)C[C@@H](Cc2ccc(F)cc2)C(=O)N[C@@H](C[C@@H](C3=O)CCN3)\C=C\C(=O)OCC	RUPINTRIVIR	RUPINTRIVIR	20			yes	100.0	10.0	DMSO	10.1038/s41422-020-0356-z	FRET			40.87		20	4.698970004336019			4.698970004336019		4.698970004336019		inactive
C[C@H]1COC(=C12)c3c(C(=O)C2=O)c4c(cc3)C(C)(C)CCC4	EOS100880	CRYPTOTANSHINONE	20			yes	60.0	15.0	DMSO	10.1021/acsptsci.0c00216	FRET	Vero		40.87		20	4.698970004336019			4.698970004336019		4.698970004336019		inactive
Oc1c(O)c(O)cc(c12)oc(cc2=O)-c3ccccc3	BAICALEIN	BAICALEIN	208			yes	64.5	50.0	DMSO	10.1021/acs.jcim.1c00258	FRET			24.0		208				4.698970004336019		4.698970004336019		inactive
CCN(CC)S(=O)(=O)c(ccc1)cc1-n(c2=O)sc(c23)cccc3	EOS101943	PD120955	20			yes	60.0	15.0	DMSO	10.1021/acsptsci.0c00216	FRET	Vero		40.87		20	4.698970004336019			4.698970004336019		4.698970004336019		inactive
S=C=Nc1cc(ccc1)NC(=S)NCCCCNC(=S)Nc(ccc2)cc2N=C=S	EOS101199	MRS 2578	20			yes	60.0	15.0	DMSO	10.1021/acsptsci.0c00216	FRET	Vero		40.87		20	4.698970004336019			4.698970004336019		4.698970004336019		inactive
c1c(F)ccc(c1F)S(=O)(=O)Nc(c(nc2)OC)cc2-c(c3)ccc(c34)nccc4-c5ccnnc5	SPE_K07972848	OMIPALISIB				yes	60.0	15.0	DMSO	10.1021/acsptsci.0c00216	FRET	Vero		40.87						4.698970004336019		4.698970004336019		inactive
O=C1N(CCl)S(=O)(=O)c(c12)cccc2	EOS101861	PD120339	20			yes	60.0	15.0	DMSO	10.1021/acsptsci.0c00216	FRET	Vero		40.87		20	4.698970004336019			4.698970004336019		4.698970004336019		inactive
n1c(Br)cccc1/C=C(\C#N)C(=O)N[C@@H](C)c2ccccc2	SPE_K05445342	WP1066	20			yes	60.0	15.0	DMSO	10.1021/acsptsci.0c00216	FRET	Vero		40.87		20	4.698970004336019			4.698970004336019		4.698970004336019		inactive
CNC[C@H](O)c1cc(O)c(O)cc1	DOM_SIM_070	ADRENALINE	20			yes	60.0	15.0	DMSO	10.1021/acsptsci.0c00216	FRET	Vero		40.87		20	4.698970004336019			4.698970004336019		4.698970004336019		inactive
[nH]1c(=O)[nH]c(=O)cc1C(=O)N2CCN(CC2)c3ccc(I)cc3	HL-3-65	HL-3-65	20			yes	250.0	40.0	DMSO	10.1021/acs.jmedchem.1c01475	FRET			24.0		20	4.698970004336019			4.698970004336019		4.698970004336019		inactive
Clc1c(Cl)c(Cl)c(Cl)c(C(=O)O2)c1C23c4c(c(I)c([O-])c(I)c4)Oc5c3cc(I)c([O-])c5I	SPE_K33623053	ROSE BENGAL SODIUM SALT	20			yes	60.0	15.0	DMSO	10.1021/acsptsci.0c00216	FRET	Vero		40.87		20	4.698970004336019			4.698970004336019		4.698970004336019		inactive
C1CC1NC(=O)C(=O)[C@H](CCCC)NC(=O)[C@H]2N(C[C@@H]([C@@H]23)C3(C)C)C(=O)[C@H](C(C)(C)C)NC(=O)NC4(CS(=O)(=O)C(C)(C)C)CCCCC4	SPE_K38287497	NARLAPREVIR	20			yes	60.0	15.0	DMSO	10.1021/acsptsci.0c00216	FRET	Vero		40.87		20	4.698970004336019			4.698970004336019		4.698970004336019		inactive
n1c(Br)cccc1/C=C(\C#N)C(=O)N[C@@H](CCC)c2ccccc2	SPE_K43644456	DEGRASYN	20			yes	60.0	15.0	DMSO	10.1021/acsptsci.0c00216	FRET	Vero		40.87		20	4.698970004336019			4.698970004336019		4.698970004336019		inactive
n1cc(C)c(OC)c(C)c1C[S@](=O)c(n2)[nH]c(c23)ccc(c3)OC	SPE_K61443506	NEXIUM	20			no	60.0	15.0	DMSO	10.1021/acsptsci.0c00216	FRET	Vero		40.87		20	4.698970004336019			4.698970004336019		4.698970004336019		inactive
COc1ccc(OC)c(c12)[nH]c3c(c2=S)cccc3	SPE_K62949423	NSC-625987	20			no	60.0	15.0	DMSO	10.1021/acsptsci.0c00216	FRET	Vero		40.87		20	4.698970004336019			4.698970004336019		4.698970004336019		inactive
CCCCCCCCCCCCCCCC[n+]1ccn(c1C)Cc2ccccc2	SPE_K70344361	NH125	20			no	60.0	15.0	DMSO	10.1021/acsptsci.0c00216	FRET	Vero		40.87		20	4.698970004336019			4.698970004336019		4.698970004336019		inactive
Oc1c(O)ccc(c12)[C@H](CN)O[C@@H](C2)[C@@]34CC5CC(C3)CC(C4)C5	SPE_K72226571	A77636	20			no	60.0	15.0	DMSO	10.1021/acsptsci.0c00216	FRET	Vero		40.87		20	4.698970004336019			4.698970004336019		4.698970004336019		inactive
Nc1c[n+](no1)N2CCOCC2	SPE_K72922393	LINSIDOMINE	20			no	60.0	15.0	DMSO	10.1021/acsptsci.0c00216	FRET	Vero		40.87		20	4.698970004336019			4.698970004336019		4.698970004336019		inactive
c1cccc(CN(C)[C@@H]2C3)c1[C@@H]2c4cccc5[nH]cc3c45	SPE_K79353516	CY208-243	20			no	60.0	15.0	DMSO	10.1021/acsptsci.0c00216	FRET	Vero		40.87		20	4.698970004336019			4.698970004336019		4.698970004336019		inactive
c1cccc2c1ccc(c23)[N+](CCCCS([O-])(=O)=O)=C(C3(C)C)\C=C\C=C\C=C\C=C(/C4(C)C)N(CCCCS([O-])(=O)=O)c(c45)ccc6c5cccc6	SPE_K80762071	CARDIOGREEN	20			no	60.0	15.0	DMSO	10.1021/acsptsci.0c00216	FRET	Vero		40.87		20	4.698970004336019			4.698970004336019		4.698970004336019		inactive
O=C(O)c1c(Cl)ccc(c1)N(C2=O)N=C(C(F)(F)F)\C2=C\c3ccc(o3)-c4ccccc4	SPE_K86063171	EN460	20			no	60.0	15.0	DMSO	10.1021/acsptsci.0c00216	FRET	Vero		40.87		20	4.698970004336019			4.698970004336019		4.698970004336019		inactive
C1COCCN1CCOc(cc2)ccc2C(=O)Nc3cc(ccc3)Oc(c4)ncc(c45)nc(n5CC)-c6c(N)non6	SPE_K89464729	GSK269962	20			no	60.0	15.0	DMSO	10.1021/acsptsci.0c00216	FRET	Vero		40.87		20	4.698970004336019			4.698970004336019		4.698970004336019		inactive
FC(F)(F)c1cc(C(F)(F)F)cc(c1)NC(=S)Nc(ccc(Br)c2)c2-c3nnn[nH]3	SPE_K94342292	NS-11021	20			no	60.0	15.0	DMSO	10.1021/acsptsci.0c00216	FRET	Vero		40.87		20	4.698970004336019			4.698970004336019		4.698970004336019		inactive
c1ccnc(c12)c(O)ccc2[N+]([O-])=O	SPE_K97534525	NITROXOLINE	20			no	60.0	15.0	DMSO	10.1021/acsptsci.0c00216	FRET	Vero		40.87		20	4.698970004336019			4.698970004336019		4.698970004336019		inactive
N1C(=O)N[C@@H](CC1=O)C(=O)N2CCN(CC2)c(c3)ccc(Cl)c3Cl	HL-3-53	HL-3-53	20			yes	250.0	40.0	DMSO	10.1021/acs.jmedchem.1c01475	FRET			24.0		20	4.698970004336019			4.698970004336019		4.698970004336019		inactive
Clc1c(Cl)c(Cl)c(Cl)c(C(=O)O2)c1C23c4c(c(I)c(O)c(I)c4)Oc5c3cc(I)c(c5I)O	SPE_K36163066	ROSE-BENGAL-LACTONE	20			yes	60.0	15.0	DMSO	10.1021/acsptsci.0c00216	FRET	Vero		40.87		20	4.698970004336019			4.698970004336019		4.698970004336019		inactive
[nH]1c(=O)[nH]c(=O)cc1C(=O)N2CCN(CC2)c(cc3)cc(Cl)c3CO	HL-3-71	HL-3-71	20			yes	250.0	40.0	DMSO	10.1021/acs.jmedchem.1c01475	FRET			24.0		20	4.698970004336019			4.698970004336019		4.698970004336019		inactive
[nH]1c(=O)[nH]c(=O)cc1C(=O)N2CCN(CC2)c3ccc(F)cc3	HL-3-43	HL-3-43	20			yes	250.0	40.0	DMSO	10.1021/acs.jmedchem.1c01475	FRET			24.0		20	4.698970004336019			4.698970004336019		4.698970004336019		inactive
[nH]1c(=O)[nH]c(=O)cc1C(=O)N2CCN(CC2)c(cc3)ccc3C=O	HL-3-44	HL-3-44	20			yes	250.0	40.0	DMSO	10.1021/acs.jmedchem.1c01475	FRET			24.0		20	4.698970004336019			4.698970004336019		4.698970004336019		inactive
[nH]1c(=O)[nH]c(=O)cc1C(=O)N2CCN(CC2)c3ccc(Cl)cc3	HL-3-45	HL-3-45	20			yes	250.0	40.0	DMSO	10.1021/acs.jmedchem.1c01475	FRET			24.0		20	4.698970004336019			4.698970004336019		4.698970004336019		inactive
CCOC(=O)c1c(cccc1)[S+](CCC)CCCCCCCCCCCCCCCCCC	SPE_K10226125	AC1NDSS5	20			yes	60.0	15.0	DMSO	10.1021/acsptsci.0c00216	FRET	Vero		40.87		20	4.698970004336019			4.698970004336019		4.698970004336019		inactive
C1=CCN(CC2)[C@H]3[C@]1(CC)[C@@H](OC(=O)C)[C@](O)(C(=O)OC)[C@@H]4N(C)c(c5[C@]234)cc(OC)c(c5)[C@](C(=O)OC)(c(c6c78)[nH]c7cccc8)C[C@@H]9C[C@@H](C(F)(F)C)C[N@@](C9)CC6	SPE_K10549975	VINFLUNINE DITARTRATE	20			yes	60.0	15.0	DMSO	10.1021/acsptsci.0c00216	FRET	Vero		40.87		20	4.698970004336019			4.698970004336019		4.698970004336019		inactive
CC[N+](C)(CC)CCC[n+](c1c2ccc(c1)N)c(c(c23)cc(N)cc3)-c4ccccc4	SPE_K14821965	PROPIDIUM-IODIDE	20			yes	60.0	15.0	DMSO	10.1021/acsptsci.0c00216	FRET	Vero		40.87		20	4.698970004336019			4.698970004336019		4.698970004336019		inactive
N#Cc1ccc(cc1)N(CC2)CCN2C(=O)c3cc(=O)[nH]c(=O)[nH]3	HL-3-62	HL-3-62	20			yes	250.0	40.0	DMSO	10.1021/acs.jmedchem.1c01475	FRET			24.0		20	4.698970004336019			4.698970004336019		4.698970004336019		inactive
Nc(n1)scc1C(=N\OC)\C(=O)N[C@@H]2C(=O)N([C@@H]23)C(C(=O)O)=C(CS3)CSC(=O)c4ccco4	SPE_K21017401	CEFTIOFUR	20			yes	60.0	15.0	DMSO	10.1021/acsptsci.0c00216	FRET	Vero		40.87		20	4.698970004336019			4.698970004336019		4.698970004336019		inactive
n1c(O)[nH]c(C)c1C(=O)c2ccc(cc2)SC	SPE_K21152241	ENOXIMONE	20			yes	60.0	15.0	DMSO	10.1021/acsptsci.0c00216	FRET	Vero		40.87		20	4.698970004336019			4.698970004336019		4.698970004336019		inactive
c1c(N)ccc2c1[n+](CC)c(c(c23)cc(N)cc3)-c4ccccc4	SPE_K28354016	HOMIDIUM BROMIDE	20			yes	60.0	15.0	DMSO	10.1021/acsptsci.0c00216	FRET	Vero		40.87		20	4.698970004336019			4.698970004336019		4.698970004336019		inactive
c1ncccc1C=C(C2=O)C(=O)c(c23)cccc3	SPE_K32456483	PRT4165	20			yes	60.0	15.0	DMSO	10.1021/acsptsci.0c00216	FRET	Vero	148.7	40.87		20	4.698970004336019	148.7	3.827689031478046	4.698970004336019	3.827689031478046	4.698970004336019	3.827689031478046	inactive
[nH]1c(=O)[nH]c(=O)cc1C(=O)N2CCN(CC2)c(cc3)ccc3C(F)(F)F	HL-3-50	HL-3-50	20			yes	250.0	40.0	DMSO	10.1021/acs.jmedchem.1c01475	FRET			24.0		20	4.698970004336019			4.698970004336019		4.698970004336019		inactive
N1C(=O)N[C@H](CC1=O)C(=O)N2CCN(CC2)c(c3)ccc(Cl)c3Cl	HL-3-51	HL-3-51	20			yes	250.0	40.0	DMSO	10.1021/acs.jmedchem.1c01475	FRET			24.0		20	4.698970004336019			4.698970004336019		4.698970004336019		inactive
[nH]1c(=O)[nH]c(=O)cc1C(=O)N2CCN(CC2)c3cc(Cl)ccc3	HL-3-46	HL-3-46	20			yes	250.0	40.0	DMSO	10.1021/acs.jmedchem.1c01475	FRET			24.0		20	4.698970004336019			4.698970004336019		4.698970004336019		inactive
O=C(O)/C(S)=C/c1ccc(I)cc1	EOS100196	PD 150606	20.3			yes	60.0	15.0	DMSO	10.1021/acsptsci.0c00216	FRET	Vero		40.87		20.3	4.692503962086787			4.692503962086787		4.692503962086787		inactive
c1cccc(c12)n(nn2)CC(=O)N(Cc3ccsc3)c(cc4)ccc4-c5cnn(C)c5	18	18	20.39			yes	200.0	2.0	DMSO	10.1021/acs.jmedchem.1c00598	FRET	Vero		40.87		20.39	4.69058277422186			4.69058277422186		4.69058277422186		inactive
c1ccccc1[C@H](C)NC(=O)C(c2cccnc2)N(C(=O)c3ccco3)c4ccc(cc4)OC(C)(C)C	15	15	21.88			no	5.3	20.0	DMSO	10.1021/acs.jmedchem.1c00509	FRET	Vero		75.41		21.88	4.659952682338607			4.659952682338607		4.659952682338607		inactive
c1cccc(c12)n(nn2)CC(=O)N(CC3CCOC3)c(cc4)ccc4-c5cccnc5	26	26	23			yes	200.0	2.0	DMSO	10.1021/acs.jmedchem.1c00598	FRET	Vero		40.87		23	4.638272163982407			4.638272163982407		4.638272163982407		inactive
c1ccc(F)cc1Cn(c(=O)n(c(=O)[nH]2)CC(=O)NC)/c2=N/c(c(C)c3)cc(c34)sc(n4)C	18	18	29			yes	6.0	8.0	DMSO	10.1021/acs.jmedchem.2c00117	FRET	Vero		40.87		29	4.537602002101044			4.537602002101044		4.537602002101044		inactive
Cc1c(Cl)cc(cn1)OC(=O)c2cccc(c23)[nH]cc3	9E	9E	30			yes	200.0	2.0	DMSO	10.1021/acs.jmedchem.1c01214	FRET	Vero	15.3	40.87		30	4.522878745280337	15.3	4.815308569182402	4.522878745280337	4.815308569182402	4.522878745280337	4.815308569182402	inactive
c1ncccc1[C@H](C(=O)NC(C)(C)C)N(C(=O)c2ccco2)c(cc3)ccc3C(C)(C)C	M-8524	M-8524	31			yes	64.5	50.0	DMSO	10.1021/acs.jcim.1c00258	FRET			24.0		31	4.508638306165727			4.508638306165727		4.508638306165727		inactive
c1cccc(c12)n(nn2)CC(=O)N(Cc3ccsc3)c(cc4)ccc4-c5ccccc5	7	7	31.18			yes	200.0	2.0	DMSO	10.1021/acs.jmedchem.1c00598	FRET	Vero		40.87		31.18	4.506123889147177			4.506123889147177		4.506123889147177		inactive
c1cccc(F)c1Cn(c(=O)n(c(=O)[nH]2)CC(=O)NC)/c2=N/c(c(C)c3)cc(c34)sc(n4)C	17	17	35			yes	6.0	8.0	DMSO	10.1021/acs.jmedchem.2c00117	FRET	Vero		40.87		35	4.455931955649724			4.455931955649724		4.455931955649724		inactive
c1ccccc1[C@H](C)NC(=O)C(c2cccnc2)N(C(=O)c3ccco3)c(cc4)ccc4Cc5ccccc5	22	22	35.1			yes	5.3	20.0	DMSO	10.1021/acs.jmedchem.1c00509	FRET	Vero		75.41		35.1	4.454692883534176			4.454692883534176		4.454692883534176		inactive
c1ccccc1C=CC(=O)c(c(c23)OC(C)(C)C=C3)c(O)c(c2O)Cc(c(O)c4C(=O)C)c(O)c(C)c4O	ROTTLERIN	ROTTLERIN	37			yes	64.5	50.0	DMSO	10.1021/acs.jcim.1c00258	FRET			24.0		37	4.431798275933005			4.431798275933005		4.431798275933005		inactive
c1ncc(Cl)cc1OC(=O)c(c2)ccc(c23)[nH]cc3	7A	7A	43.7			yes	200.0	2.0	DMSO	10.1021/acs.jmedchem.1c01214	FRET	Vero	0.31	40.87		43.7	4.359518563029578	0.31	6.508638306165728	4.359518563029578	6.508638306165728	4.359518563029578	6.508638306165728	inactive
c1ncc(Cl)cc1OC(=O)c2cccc(c23)[nH]cc3C	7F	7F	56.7			yes	200.0	2.0	DMSO	10.1021/acs.jmedchem.1c01214	FRET	Vero	0.47	40.87		56.7	4.246416941107094	0.47	6.327902142064283	4.246416941107094	6.327902142064283	4.246416941107094	6.327902142064283	inactive
Cc1c(Cl)cc(cn1)OC(=O)c2cccc(c23)[nH]cn3	9F	9F	57			yes	200.0	2.0	DMSO	10.1021/acs.jmedchem.1c01214	FRET	Vero	4.43	40.87		57	4.2441251443275085	4.43	5.3535962737769305	4.2441251443275085	5.3535962737769305	4.2441251443275085	5.3535962737769305	inactive
c1ncc(Cl)cc1OC(=O)c2cccc(c23)[nH]c(n3)C	7K	7K	57.1			yes	200.0	2.0	DMSO	10.1021/acs.jmedchem.1c01214	FRET	Vero	0.489	40.87		57.1	4.243363891754152	0.489	6.31069114087638	4.243363891754152	6.31069114087638	4.243363891754152	6.31069114087638	inactive
c1ccccc1Cn(c(=O)n(c(=O)[nH]2)CC(=O)NC)/c2=N/c(c(C)c3)cc(c34)sc(n4)C	16	16	58			yes	6.0	8.0	DMSO	10.1021/acs.jmedchem.2c00117	FRET	Vero		40.87		58	4.236572006437063			4.236572006437063		4.236572006437063		inactive
c1ncc(Cl)cc1OC(=O)c(c2)ccc(c23)n(cc3)S(=O)(=O)c(cc4[N+]([O-])=O)ccc4	7B	7B	69.8			yes	200.0	2.0	DMSO	10.1021/acs.jmedchem.1c01214	FRET	Vero	0.12	40.87		69.8	4.156144577376839	0.12	6.920818753952375	4.156144577376839	6.920818753952375	4.156144577376839	6.920818753952375	inactive
CC(C)(C)CC(C)(C)NC(=O)C(c1cccnc1)N(C(=O)c2ccco2)c(cc3)ccc3C(C)(C)C	4	4	> 20			no	5.3	20.0	DMSO	10.1021/acs.jmedchem.1c00509	FRET	Vero		75.41		> 20								inactive
c1ccc(C)c(c1C)NC(=O)C(c2cccnc2)N(C(=O)c3ccco3)c(cc4)ccc4C(C)(C)C	9	9	> 20			no	5.3	20.0	DMSO	10.1021/acs.jmedchem.1c00509	FRET	Vero		75.41		> 20								inactive
Cc1ccc(cc1)S(=O)(=O)CNC(=O)C(c2cccnc2)N(C(=O)c3ccco3)c(cc4)ccc4C(C)(C)C	11	11	> 20			no	5.3	20.0	DMSO	10.1021/acs.jmedchem.1c00509	FRET	Vero		75.41		> 20								inactive
c1ccccc1[C@H](C)NC(=O)[C@H](c2cccnc2)N(C(=O)c3ccco3)c(cc4)ccc4-c5ccccc5	23S	23S	> 20			no	5.3	20.0	DMSO	10.1021/acs.jmedchem.1c00509	FRET	Vero		75.41		> 20								inactive
n1c[nH]cc1C(C(=O)NC(C)(C)C)N(C(=O)c2ccco2)c(cc3)ccc3C(C)(C)C	28	28	> 20			no	5.3	20.0	DMSO	10.1021/acs.jmedchem.1c00509	FRET	Vero		75.41		> 20								inactive
c1ncncc1C(C(=O)NC(C)(C)C)N(C(=O)c2ccco2)c(cc3)ccc3C(C)(C)C	29	29	> 20			no	5.3	20.0	DMSO	10.1021/acs.jmedchem.1c00509	FRET	Vero		75.41		> 20								inactive
c1cccc(c12)n(nn2)CC(=O)N(Cc3cc(Cl)c(Cl)cc3)c(cc4)ccc4-c5cccnc5	30	30	> 200			yes	200.0	2.0	DMSO	10.1021/acs.jmedchem.1c00598	FRET	Vero		40.87		> 200								inactive
